,QUANTITYORDERED,PRICEEACH,SALES,ORDERDATE,STATUS,PRODUCTLINE,MSRP,ORDERNUMBER,PRODUCTCODE,Discounted_price
0,50,67.8,3390.0,1/6/2003 0:00,Shipped,Vintage Cars,60,10100,S18_2248,3305.25
1,22,86.51,1903.22,1/6/2003 0:00,Shipped,Vintage Cars,92,10100,S18_4409,1789.0267999999999
2,49,34.47,1689.03,1/6/2003 0:00,Shipped,Vintage Cars,41,10100,S24_3969,1646.80425
3,45,31.2,1404.0,1/9/2003 0:00,Shipped,Vintage Cars,33,10101,S24_1937,1368.8999999999999
4,46,53.76,2472.96,1/9/2003 0:00,Shipped,Vintage Cars,44,10101,S24_2022,2411.136
5,41,50.14,2055.74,1/10/2003 0:00,Shipped,Vintage Cars,53,10102,S18_1367,2004.3464999999997
6,22,54.09,1189.98,1/29/2003 0:00,Shipped,Trucks and Buses,60,10103,S18_2432,1160.2305
7,27,83.07,2242.89,1/29/2003 0:00,Shipped,Vintage Cars,101,10103,S18_2949,2018.6009999999999
8,35,57.46,2011.1,1/29/2003 0:00,Shipped,Vintage Cars,62,10103,S18_2957,1930.656
9,41,47.29,1938.89,1/29/2003 0:00,Shipped,Vintage Cars,50,10103,S18_4668,1890.41775
10,45,75.63,3403.35,1/29/2003 0:00,Shipped,Trucks and Buses,64,10103,S32_3522,3267.216
11,35,55.49,1942.15,1/31/2003 0:00,Shipped,Classic Cars,57,10104,S24_1444,1893.59625
12,44,39.6,1742.4,1/31/2003 0:00,Shipped,Classic Cars,35,10104,S24_2840,1698.8400000000001
13,35,47.62,1666.7,1/31/2003 0:00,Shipped,Trucks and Buses,54,10104,S32_2509,1625.0325
14,41,82.5,3382.5,2/11/2003 0:00,Shipped,Vintage Cars,87,10105,S18_4522,3179.5499999999997
15,44,72.58,3193.52,2/11/2003 0:00,Shipped,Vintage Cars,88,10105,S24_3151,3001.9087999999997
16,50,79.67,3983.5,2/11/2003 0:00,Shipped,Vintage Cars,83,10105,S24_3816,3744.49
17,31,52.6,1630.6,2/17/2003 0:00,Shipped,Vintage Cars,65,10106,S24_3420,1565.3759999999997
18,33,72.92,2406.36,2/17/2003 0:00,Shipped,Vintage Cars,68,10106,S32_4289,2310.1056
19,39,40.15,1565.85,2/17/2003 0:00,Shipped,Vintage Cars,43,10106,S50_1341,1526.70375
20,30,95.7,2871.0,2/24/2003 0:00,Shipped,Motorcycles,95,10107,S10_1678,2698.74
21,39,99.91,3896.49,2/24/2003 0:00,Shipped,Motorcycles,118,10107,S10_2016,3506.841
22,29,70.87,2055.23,2/24/2003 0:00,Shipped,Motorcycles,60,10107,S18_2625,2003.84925
23,38,83.03,3155.14,2/24/2003 0:00,Shipped,Motorcycles,76,10107,S24_2000,3028.9343999999996
24,20,92.9,1858.0,2/24/2003 0:00,Shipped,Motorcycles,99,10107,S32_1374,1746.52
25,39,89.38,3485.82,3/3/2003 0:00,Shipped,Classic Cars,79,10108,S12_3990,3346.3872
26,38,82.39,3130.82,3/3/2003 0:00,Shipped,Classic Cars,77,10108,S18_1889,3005.5872
27,26,68.35,1777.1,3/3/2003 0:00,Shipped,Classic Cars,80,10108,S18_3278,1706.0159999999998
28,43,67.77,2914.11,3/3/2003 0:00,Shipped,Motorcycles,62,10108,S18_3782,2797.5456
29,35,58.87,2060.45,3/3/2003 0:00,Shipped,Motorcycles,69,10108,S24_2360,1978.0319999999997
30,30,63.07,1892.1,3/3/2003 0:00,Shipped,Classic Cars,61,10108,S24_3371,1816.416
31,31,68.71,2130.01,3/3/2003 0:00,Shipped,Classic Cars,80,10108,S24_4620,2044.8096
32,27,43.45,1173.15,3/3/2003 0:00,Shipped,Motorcycles,40,10108,S32_2206,1143.82125
33,34,82.99,2821.66,3/3/2003 0:00,Shipped,Motorcycles,81,10108,S50_4713,2652.3603999999996
34,29,32.1,930.9,3/10/2003 0:00,Shipped,Classic Cars,37,10109,S24_2972,907.6274999999999
35,32,50.25,1608.0,3/18/2003 0:00,Shipped,Vintage Cars,60,10110,S18_2248,1567.8
36,28,89.27,2499.56,3/18/2003 0:00,Shipped,Vintage Cars,92,10110,S18_4409,2349.5863999999997
37,42,61.29,2574.18,3/18/2003 0:00,Shipped,Classic Cars,71,10110,S18_4933,2471.2128
38,36,85.25,3069.0,3/18/2003 0:00,Shipped,Classic Cars,73,10110,S24_1046,2946.24
39,29,59.37,1721.73,3/18/2003 0:00,Shipped,Classic Cars,50,10110,S24_1628,1678.68675
40,20,35.51,710.2,3/18/2003 0:00,Shipped,Vintage Cars,33,10110,S24_1937,692.445
41,39,44.35,1729.65,3/18/2003 0:00,Shipped,Vintage Cars,44,10110,S24_2022,1686.40875
42,43,78.15,3360.45,3/18/2003 0:00,Shipped,Classic Cars,90,10110,S24_2766,3158.823
43,27,73.62,1987.74,3/18/2003 0:00,Shipped,Classic Cars,85,10110,S24_3191,1868.4756
44,48,34.47,1654.56,3/18/2003 0:00,Shipped,Vintage Cars,41,10110,S24_3969,1613.196
45,33,99.66,3288.78,3/25/2003 0:00,Shipped,Vintage Cars,102,10111,S18_1342,2959.902
46,48,49.06,2354.88,3/25/2003 0:00,Shipped,Vintage Cars,53,10111,S18_1367,2296.0080000000003
47,28,64.33,1801.24,3/25/2003 0:00,Shipped,Vintage Cars,62,10111,S18_2957,1729.1904
48,26,86.68,2253.68,3/25/2003 0:00,Shipped,Vintage Cars,97,10111,S24_4258,2118.4592
49,50,49.81,2490.5,3/26/2003 0:00,Shipped,Vintage Cars,50,10113,S18_4668,2428.2374999999997
50,23,68.52,1575.96,3/26/2003 0:00,Shipped,Trucks and Buses,64,10113,S32_3522,1512.9216
51,45,68.67,3090.15,4/1/2003 0:00,Shipped,Trucks and Buses,60,10114,S18_2432,3012.8962500000002
52,24,30.06,721.44,4/1/2003 0:00,Shipped,Classic Cars,35,10114,S24_2840,703.404
53,28,55.73,1560.44,4/1/2003 0:00,Shipped,Trucks and Buses,54,10114,S32_2509,1521.429
54,47,69.36,3259.92,4/4/2003 0:00,Shipped,Classic Cars,57,10115,S24_1444,3178.422
55,23,97.42,2240.66,4/16/2003 0:00,Shipped,Vintage Cars,87,10117,S18_4522,2106.2203999999997
56,27,99.52,2687.04,4/28/2003 0:00,Shipped,Vintage Cars,105,10119,S18_3856,2418.3360000000002
57,35,87.62,3066.7,4/28/2003 0:00,Shipped,Vintage Cars,88,10119,S24_3151,2882.698
58,20,72.98,1459.6,4/28/2003 0:00,Shipped,Vintage Cars,65,10119,S24_3420,1401.216
59,35,90.57,3169.95,4/28/2003 0:00,Shipped,Vintage Cars,83,10119,S24_3816,2979.7529999999997
60,29,96.34,2793.86,4/29/2003 0:00,Shipped,Motorcycles,118,10120,S10_2016,2514.474
61,46,58.15,2674.9,4/29/2003 0:00,Shipped,Motorcycles,60,10120,S18_2625,2608.0275
62,35,98.05,3431.75,4/29/2003 0:00,Shipped,Motorcycles,112,10120,S24_1578,3088.5750000000003
63,34,83.79,2848.86,4/29/2003 0:00,Shipped,Motorcycles,76,10120,S24_2000,2734.9056
64,29,72.23,2094.67,4/29/2003 0:00,Shipped,Vintage Cars,68,10120,S32_4289,2010.8832
65,49,50.62,2480.38,4/29/2003 0:00,Shipped,Vintage Cars,43,10120,S50_1341,2418.3705
66,34,81.35,2765.9,5/7/2003 0:00,Shipped,Motorcycles,95,10121,S10_1678,2599.946
67,32,76.88,2460.16,5/7/2003 0:00,Shipped,Motorcycles,69,10121,S24_2360,2361.7535999999996
68,25,86.74,2168.5,5/7/2003 0:00,Shipped,Motorcycles,102,10121,S32_4485,1951.65
69,44,74.85,3293.4,5/7/2003 0:00,Shipped,Motorcycles,81,10121,S50_4713,3095.796
70,37,99.82,3693.34,5/8/2003 0:00,Shipped,Classic Cars,117,10122,S12_3380,3324.0060000000003
71,32,63.84,2042.88,5/8/2003 0:00,Shipped,Classic Cars,79,10122,S12_3990,1961.1648
72,43,72.38,3112.34,5/8/2003 0:00,Shipped,Classic Cars,77,10122,S18_1889,2987.8464
73,21,73.17,1536.57,5/8/2003 0:00,Shipped,Classic Cars,80,10122,S18_3278,1475.1072
74,35,49.74,1740.9,5/8/2003 0:00,Shipped,Motorcycles,62,10122,S18_3782,1671.2640000000001
75,39,30.96,1207.44,5/8/2003 0:00,Shipped,Classic Cars,37,10122,S24_2972,1177.2540000000001
76,34,50.21,1707.14,5/8/2003 0:00,Shipped,Classic Cars,61,10122,S24_3371,1638.8544
77,29,71.14,2063.06,5/8/2003 0:00,Shipped,Classic Cars,80,10122,S24_4620,1980.5375999999999
78,31,44.66,1384.46,5/8/2003 0:00,Shipped,Motorcycles,40,10122,S32_2206,1349.8485
79,50,59.87,2993.5,5/20/2003 0:00,Shipped,Classic Cars,50,10123,S24_1628,2918.6625
80,42,53.88,2262.96,5/21/2003 0:00,Shipped,Vintage Cars,60,10124,S18_2248,2206.386
81,36,85.59,3081.24,5/21/2003 0:00,Shipped,Vintage Cars,92,10124,S18_4409,2896.3655999999996
82,23,57.73,1327.79,5/21/2003 0:00,Shipped,Classic Cars,71,10124,S18_4933,1274.6784
83,22,77.9,1713.8,5/21/2003 0:00,Shipped,Classic Cars,73,10124,S24_1046,1645.2479999999998
84,45,37.84,1702.8,5/21/2003 0:00,Shipped,Vintage Cars,33,10124,S24_1937,1660.23
85,22,45.25,995.5,5/21/2003 0:00,Shipped,Vintage Cars,44,10124,S24_2022,970.6125
86,32,72.7,2326.4,5/21/2003 0:00,Shipped,Classic Cars,90,10124,S24_2766,2186.816
87,25,93.95,2348.75,5/21/2003 0:00,Shipped,Classic Cars,117,10124,S24_2887,2113.875
88,49,83.04,4068.96,5/21/2003 0:00,Shipped,Classic Cars,85,10124,S24_3191,3824.8224
89,46,33.23,1528.58,5/21/2003 0:00,Shipped,Vintage Cars,41,10124,S24_3969,1490.3654999999999
90,42,54.99,2309.58,5/28/2003 0:00,Shipped,Vintage Cars,53,10126,S18_1367,2251.8405
91,43,65.02,2795.86,5/28/2003 0:00,Shipped,Trucks and Buses,60,10126,S18_2432,2725.9635
92,31,90.17,2795.27,5/28/2003 0:00,Shipped,Vintage Cars,101,10126,S18_2949,2515.743
93,46,73.7,3390.2,5/28/2003 0:00,Shipped,Vintage Cars,62,10126,S18_2957,3254.5919999999996
94,30,97.39,2921.7,5/28/2003 0:00,Shipped,Vintage Cars,104,10126,S18_3136,2629.5299999999997
95,38,82.34,3128.92,5/28/2003 0:00,Shipped,Vintage Cars,99,10126,S18_3320,2941.1848
96,43,53.83,2314.69,5/28/2003 0:00,Shipped,Vintage Cars,50,10126,S18_4668,2256.82275
97,43,96.31,4141.33,5/28/2003 0:00,Shipped,Trucks and Buses,96,10126,S32_1268,3892.8502
98,26,62.7,1630.2,5/28/2003 0:00,Shipped,Trucks and Buses,64,10126,S32_3522,1564.992
99,20,60.69,1213.8,6/3/2003 0:00,Shipped,Classic Cars,57,10127,S24_1444,1183.455
100,39,38.19,1489.41,6/3/2003 0:00,Shipped,Classic Cars,35,10127,S24_2840,1452.1747500000001
101,20,96.99,1939.8,6/3/2003 0:00,Shipped,Classic Cars,118,10127,S24_4048,1745.82
102,45,51.95,2337.75,6/3/2003 0:00,Shipped,Trucks and Buses,54,10127,S32_2509,2279.30625
103,43,92.16,3962.88,6/6/2003 0:00,Shipped,Vintage Cars,87,10128,S18_4522,3725.1072
104,41,94.71,3883.11,6/12/2003 0:00,Shipped,Vintage Cars,88,10129,S24_3151,3650.1234
105,50,77.99,3899.5,6/12/2003 0:00,Shipped,Vintage Cars,83,10129,S24_3816,3665.5299999999997
106,29,59.18,1716.22,6/16/2003 0:00,Shipped,Vintage Cars,65,10131,S24_3420,1647.5711999999999
107,49,57.1,2797.9,6/27/2003 0:00,Shipped,Vintage Cars,68,10133,S32_4289,2685.984
108,27,50.19,1355.13,6/27/2003 0:00,Shipped,Vintage Cars,43,10133,S50_1341,1321.2517500000001
109,41,94.74,3884.34,7/1/2003 0:00,Shipped,Motorcycles,95,10134,S10_1678,3651.2796
110,30,61.78,1853.4,7/1/2003 0:00,Shipped,Motorcycles,60,10134,S18_2625,1807.065
111,35,93.54,3273.9,7/1/2003 0:00,Shipped,Motorcycles,112,10134,S24_1578,2946.51
112,43,83.03,3570.29,7/1/2003 0:00,Shipped,Motorcycles,76,10134,S24_2000,3427.4784
113,24,75.01,1800.24,7/2/2003 0:00,Shipped,Classic Cars,79,10135,S12_3990,1728.2304
114,29,97.89,2838.81,7/2/2003 0:00,Shipped,Classic Cars,115,10135,S12_4675,2554.929
115,48,79.31,3806.88,7/2/2003 0:00,Shipped,Classic Cars,77,10135,S18_1889,3654.6048
116,45,78.0,3510.0,7/2/2003 0:00,Shipped,Classic Cars,80,10135,S18_3278,3369.6
117,45,50.36,2266.2,7/2/2003 0:00,Shipped,Motorcycles,62,10135,S18_3782,2175.5519999999997
118,29,61.64,1787.56,7/2/2003 0:00,Shipped,Motorcycles,69,10135,S24_2360,1716.0575999999999
119,20,35.87,717.4,7/2/2003 0:00,Shipped,Classic Cars,37,10135,S24_2972,699.4649999999999
120,27,66.13,1785.51,7/2/2003 0:00,Shipped,Classic Cars,61,10135,S24_3371,1714.0896
121,23,87.31,2008.13,7/2/2003 0:00,Shipped,Classic Cars,80,10135,S24_4620,1927.8048000000001
122,33,40.23,1327.59,7/2/2003 0:00,Shipped,Motorcycles,40,10135,S32_2206,1294.40025
123,30,89.8,2694.0,7/2/2003 0:00,Shipped,Motorcycles,102,10135,S32_4485,2424.6
124,44,96.0,4224.0,7/2/2003 0:00,Shipped,Motorcycles,81,10135,S50_4713,3970.56
125,44,99.55,4380.2,7/10/2003 0:00,Shipped,Classic Cars,124,10137,S18_1589,3942.18
126,26,49.81,1295.06,7/10/2003 0:00,Shipped,Classic Cars,50,10137,S24_1628,1262.6834999999999
127,49,43.13,2113.37,7/16/2003 0:00,Shipped,Vintage Cars,53,10139,S18_1367,2060.53575
128,20,71.2,1424.0,7/16/2003 0:00,Shipped,Vintage Cars,62,10139,S18_2957,1367.04
129,20,90.06,1801.2,7/16/2003 0:00,Shipped,Vintage Cars,104,10139,S18_3136,1621.0800000000002
130,46,61.99,2851.54,7/24/2003 0:00,Shipped,Trucks and Buses,60,10140,S18_2432,2780.2515
131,29,43.27,1254.83,7/24/2003 0:00,Shipped,Vintage Cars,50,10140,S18_4668,1223.4592499999999
132,28,60.76,1701.28,7/24/2003 0:00,Shipped,Trucks and Buses,64,10140,S32_3522,1633.2287999999999
133,20,54.33,1086.6,8/1/2003 0:00,Shipped,Classic Cars,57,10141,S24_1444,1059.435
134,21,42.43,891.03,8/1/2003 0:00,Shipped,Classic Cars,35,10141,S24_2840,868.75425
135,40,94.62,3784.8,8/1/2003 0:00,Shipped,Classic Cars,118,10141,S24_4048,3406.32
136,24,45.99,1103.76,8/1/2003 0:00,Shipped,Trucks and Buses,54,10141,S32_2509,1076.166
137,24,70.22,1685.28,8/8/2003 0:00,Shipped,Vintage Cars,87,10142,S18_4522,1584.1632
138,49,98.25,4814.25,8/8/2003 0:00,Shipped,Vintage Cars,88,10142,S24_3151,4525.3949999999995
139,33,77.59,2560.47,8/10/2003 0:00,Shipped,Vintage Cars,65,10143,S24_3420,2458.0512
140,23,80.51,1851.73,8/10/2003 0:00,Shipped,Vintage Cars,83,10143,S24_3816,1740.6262
141,34,36.66,1246.44,8/10/2003 0:00,Shipped,Vintage Cars,43,10143,S50_1341,1215.279
142,20,81.86,1637.2,8/13/2003 0:00,Shipped,Vintage Cars,68,10144,S32_4289,1571.712
143,45,83.26,3746.7,8/25/2003 0:00,Shipped,Motorcycles,95,10145,S10_1678,3521.8979999999997
144,30,49.67,1490.1,8/25/2003 0:00,Shipped,Motorcycles,60,10145,S18_2625,1452.8474999999999
145,43,95.8,4119.4,8/25/2003 0:00,Shipped,Motorcycles,112,10145,S24_1578,3707.4599999999996
146,47,83.03,3902.41,8/25/2003 0:00,Shipped,Motorcycles,76,10145,S24_2000,3746.3135999999995
147,27,60.95,1645.65,8/25/2003 0:00,Shipped,Motorcycles,69,10145,S24_2360,1579.824
148,33,93.9,3098.7,8/25/2003 0:00,Shipped,Motorcycles,99,10145,S32_1374,2912.778
149,31,35.8,1109.8,8/25/2003 0:00,Shipped,Motorcycles,40,10145,S32_2206,1082.0549999999998
150,38,81.36,3091.68,8/25/2003 0:00,Shipped,Motorcycles,81,10145,S50_4713,2906.1791999999996
151,47,67.14,3155.58,9/3/2003 0:00,Shipped,Motorcycles,62,10146,S18_3782,3029.3568
152,21,63.84,1340.64,9/5/2003 0:00,Shipped,Classic Cars,79,10147,S12_3990,1287.0144
153,33,97.89,3230.37,9/5/2003 0:00,Shipped,Classic Cars,115,10147,S12_4675,2907.333
154,26,82.39,2142.14,9/5/2003 0:00,Shipped,Classic Cars,77,10147,S18_1889,2056.4543999999996
155,36,86.04,3097.44,9/5/2003 0:00,Shipped,Classic Cars,80,10147,S18_3278,2973.5424
156,25,42.67,1066.75,9/5/2003 0:00,Shipped,Classic Cars,37,10147,S24_2972,1040.08125
157,30,68.58,2057.4,9/5/2003 0:00,Shipped,Classic Cars,61,10147,S24_3371,1975.104
158,31,64.67,2004.77,9/5/2003 0:00,Shipped,Classic Cars,80,10147,S24_4620,1924.5792
159,29,81.25,2356.25,9/11/2003 0:00,Shipped,Classic Cars,71,10148,S18_4933,2262.0
160,25,60.26,1506.5,9/11/2003 0:00,Shipped,Classic Cars,73,10148,S24_1046,1446.24
161,47,56.85,2671.95,9/11/2003 0:00,Shipped,Classic Cars,50,10148,S24_1628,2605.15125
162,21,73.6,1545.6,9/11/2003 0:00,Shipped,Classic Cars,90,10148,S24_2766,1452.8639999999998
163,31,73.62,2282.22,9/11/2003 0:00,Shipped,Classic Cars,85,10148,S24_3191,2145.2868
164,30,58.22,1746.6,9/12/2003 0:00,Shipped,Vintage Cars,53,10149,S18_1367,1702.935
165,24,62.36,1496.64,9/12/2003 0:00,Shipped,Vintage Cars,60,10149,S18_2248,1459.2240000000002
166,42,94.25,3958.5,9/12/2003 0:00,Shipped,Vintage Cars,99,10149,S18_3320,3720.99
167,36,33.19,1194.84,9/12/2003 0:00,Shipped,Vintage Cars,33,10149,S24_1937,1164.9689999999998
168,49,49.28,2414.72,9/12/2003 0:00,Shipped,Vintage Cars,44,10149,S24_2022,2354.352
169,26,38.98,1013.48,9/12/2003 0:00,Shipped,Vintage Cars,41,10149,S24_3969,988.143
170,20,90.57,1811.4,9/12/2003 0:00,Shipped,Vintage Cars,97,10149,S24_4258,1702.716
171,47,91.18,4285.46,9/19/2003 0:00,Shipped,Vintage Cars,101,10150,S18_2949,3856.914
172,30,49.97,1499.1,9/19/2003 0:00,Shipped,Vintage Cars,62,10150,S18_2957,1439.136
173,30,42.76,1282.8,9/19/2003 0:00,Shipped,Vintage Cars,50,10150,S18_4668,1250.73
174,49,58.18,2850.82,9/19/2003 0:00,Shipped,Trucks and Buses,64,10150,S32_3522,2736.7872
175,39,69.28,2701.92,9/21/2003 0:00,Shipped,Trucks and Buses,60,10151,S18_2432,2634.372
176,30,40.31,1209.3,9/21/2003 0:00,Shipped,Classic Cars,35,10151,S24_2840,1179.0674999999999
177,41,63.85,2617.85,9/21/2003 0:00,Shipped,Trucks and Buses,54,10151,S32_2509,2552.40375
178,25,65.31,1632.75,9/25/2003 0:00,Shipped,Classic Cars,57,10152,S24_1444,1591.9312499999999
179,22,83.38,1834.36,9/28/2003 0:00,Shipped,Vintage Cars,87,10153,S18_4522,1724.2984
180,31,91.17,2826.27,10/2/2003 0:00,Shipped,Vintage Cars,88,10154,S24_3151,2656.6938
181,34,55.89,1900.26,10/6/2003 0:00,Shipped,Vintage Cars,65,10155,S24_3420,1824.2495999999999
182,37,67.93,2513.41,10/6/2003 0:00,Shipped,Vintage Cars,83,10155,S24_3816,2362.6054
183,20,41.02,820.4,10/8/2003 0:00,Shipped,Vintage Cars,43,10156,S50_1341,799.89
184,22,67.03,1474.66,10/10/2003 0:00,Shipped,Motorcycles,76,10158,S24_2000,1415.6736
185,24,73.42,1762.08,10/10/2003 0:00,Shipped,Classic Cars,79,10159,S12_3990,1691.5967999999998
186,42,51.48,2162.16,10/10/2003 0:00,Shipped,Motorcycles,60,10159,S18_2625,2108.1059999999998
187,21,81.21,1705.41,10/10/2003 0:00,Shipped,Classic Cars,80,10159,S18_3278,1637.1936
188,21,64.66,1357.86,10/10/2003 0:00,Shipped,Motorcycles,62,10159,S18_3782,1303.5456
189,27,80.34,2169.18,10/10/2003 0:00,Shipped,Motorcycles,69,10159,S24_2360,2082.4127999999996
190,50,69.8,3490.0,10/10/2003 0:00,Shipped,Classic Cars,61,10159,S24_3371,3350.4
191,23,67.1,1543.3,10/10/2003 0:00,Shipped,Classic Cars,80,10159,S24_4620,1481.568
192,35,35.4,1239.0,10/10/2003 0:00,Shipped,Motorcycles,40,10159,S32_2206,1208.0249999999999
193,31,71.6,2219.6,10/10/2003 0:00,Shipped,Motorcycles,81,10159,S50_4713,2086.424
194,38,88.55,3364.9,10/11/2003 0:00,Shipped,Classic Cars,77,10160,S18_1889,3230.304
195,42,37.0,1554.0,10/11/2003 0:00,Shipped,Classic Cars,37,10160,S24_2972,1515.1499999999999
196,25,80.54,2013.5,10/17/2003 0:00,Shipped,Classic Cars,71,10161,S18_4933,1932.96
197,37,72.76,2692.12,10/17/2003 0:00,Shipped,Classic Cars,73,10161,S24_1046,2584.4352
198,23,53.33,1226.59,10/17/2003 0:00,Shipped,Classic Cars,50,10161,S24_1628,1195.92525
199,20,77.05,1541.0,10/17/2003 0:00,Shipped,Classic Cars,85,10161,S24_3191,1448.54
200,48,91.44,4389.12,10/18/2003 0:00,Shipped,Vintage Cars,102,10162,S18_1342,3950.208
201,45,51.21,2304.45,10/18/2003 0:00,Shipped,Vintage Cars,53,10162,S18_1367,2246.83875
202,27,69.62,1879.74,10/18/2003 0:00,Shipped,Vintage Cars,60,10162,S18_2248,1832.7465
203,37,27.22,1007.14,10/18/2003 0:00,Shipped,Vintage Cars,33,10162,S24_1937,981.9615
204,43,36.29,1560.47,10/18/2003 0:00,Shipped,Vintage Cars,44,10162,S24_2022,1521.45825
205,37,38.98,1442.26,10/18/2003 0:00,Shipped,Vintage Cars,41,10162,S24_3969,1406.2034999999998
206,48,69.96,3358.08,10/20/2003 0:00,Shipped,Vintage Cars,62,10163,S18_2957,3223.7567999999997
207,42,91.55,3845.1,10/20/2003 0:00,Shipped,Vintage Cars,97,10163,S24_4258,3614.394
208,36,99.17,3570.12,10/21/2003 0:00,Resolved,Trucks and Buses,116,10164,S18_1097,3213.108
209,25,53.83,1345.75,10/21/2003 0:00,Resolved,Vintage Cars,50,10164,S18_4668,1312.10625
210,49,54.94,2692.06,10/21/2003 0:00,Resolved,Trucks and Buses,64,10164,S32_3522,2584.3776
211,39,81.93,3195.27,10/21/2003 0:00,Resolved,Classic Cars,101,10164,S700_2824,2875.743
212,31,71.1,2204.1,10/22/2003 0:00,Shipped,Trucks and Buses,60,10165,S18_2432,2148.9975
213,25,69.36,1734.0,10/22/2003 0:00,Shipped,Classic Cars,57,10165,S24_1444,1690.6499999999999
214,27,31.82,859.14,10/22/2003 0:00,Shipped,Classic Cars,35,10165,S24_2840,837.6614999999999
215,24,99.36,2384.64,10/22/2003 0:00,Shipped,Classic Cars,118,10165,S24_4048,2146.176
216,48,45.99,2207.52,10/22/2003 0:00,Shipped,Trucks and Buses,54,10165,S32_2509,2152.332
217,48,94.92,4556.16,10/22/2003 0:00,Shipped,Trucks and Buses,115,10165,S50_1392,4100.544
218,26,73.73,1916.98,10/21/2003 0:00,Shipped,Vintage Cars,87,10166,S18_4522,1801.9612
219,20,79.66,1593.2,10/23/2003 0:00,Cancelled,Vintage Cars,88,10167,S24_3151,1497.608
220,32,63.12,2019.84,10/23/2003 0:00,Cancelled,Vintage Cars,65,10167,S24_3420,1939.0464
221,29,83.86,2431.94,10/23/2003 0:00,Cancelled,Vintage Cars,83,10167,S24_3816,2286.0236
222,36,96.66,3479.76,10/28/2003 0:00,Shipped,Motorcycles,95,10168,S10_1678,3270.9744
223,46,61.18,2814.28,10/28/2003 0:00,Shipped,Motorcycles,60,10168,S18_2625,2743.9230000000002
224,29,75.41,2186.89,10/28/2003 0:00,Shipped,Motorcycles,76,10168,S24_2000,2099.4143999999997
225,31,73.61,2281.91,10/28/2003 0:00,Shipped,Vintage Cars,68,10168,S32_4289,2190.6335999999997
226,48,51.93,2492.64,10/28/2003 0:00,Shipped,Vintage Cars,43,10168,S50_1341,2430.3239999999996
227,36,63.84,2298.24,11/4/2003 0:00,Shipped,Classic Cars,79,10169,S12_3990,2206.3104
228,32,70.76,2264.32,11/4/2003 0:00,Shipped,Classic Cars,80,10169,S18_3278,2173.7472000000002
229,38,68.39,2598.82,11/4/2003 0:00,Shipped,Motorcycles,62,10169,S18_3782,2494.8672
230,38,74.11,2816.18,11/4/2003 0:00,Shipped,Motorcycles,69,10169,S24_2360,2703.5328
231,34,50.21,1707.14,11/4/2003 0:00,Shipped,Classic Cars,61,10169,S24_3371,1638.8544
232,24,94.58,2269.92,11/4/2003 0:00,Shipped,Classic Cars,80,10169,S24_4620,2179.1232
233,26,39.83,1035.58,11/4/2003 0:00,Shipped,Motorcycles,40,10169,S32_2206,1009.6904999999999
234,48,80.55,3866.4,11/4/2003 0:00,Shipped,Motorcycles,81,10169,S50_4713,3634.4159999999997
235,20,63.14,1262.8,11/4/2003 0:00,Shipped,Classic Cars,77,10170,S18_1889,1212.288
236,36,35.49,1277.64,11/5/2003 0:00,Shipped,Classic Cars,37,10171,S24_2972,1245.699
237,32,75.69,2422.08,11/5/2003 0:00,Shipped,Classic Cars,73,10172,S24_1046,2325.1967999999997
238,34,42.76,1453.84,11/5/2003 0:00,Shipped,Classic Cars,50,10172,S24_1628,1417.494
239,22,74.51,1639.22,11/5/2003 0:00,Shipped,Classic Cars,90,10172,S24_2766,1540.8668
240,24,81.33,1951.92,11/5/2003 0:00,Shipped,Classic Cars,85,10172,S24_3191,1834.8048
241,22,98.51,2167.22,11/5/2003 0:00,Shipped,Classic Cars,107,10172,S24_3432,1950.4979999999998
242,48,44.21,2122.08,11/5/2003 0:00,Shipped,Vintage Cars,53,10173,S18_1367,2069.028
243,26,57.51,1495.26,11/5/2003 0:00,Shipped,Vintage Cars,60,10173,S18_2248,1457.8785
244,28,53.72,1504.16,11/5/2003 0:00,Shipped,Vintage Cars,62,10173,S18_2957,1443.9936
245,31,89.01,2759.31,11/5/2003 0:00,Shipped,Vintage Cars,104,10173,S18_3136,2483.379
246,29,95.24,2761.96,11/5/2003 0:00,Shipped,Vintage Cars,99,10173,S18_3320,2596.2424
247,21,75.46,1584.66,11/5/2003 0:00,Shipped,Vintage Cars,92,10173,S18_4409,1489.5804
248,39,71.98,2807.22,11/5/2003 0:00,Shipped,Classic Cars,71,10173,S18_4933,2694.9311999999995
249,31,31.53,977.43,11/5/2003 0:00,Shipped,Vintage Cars,33,10173,S24_1937,952.99425
250,27,41.22,1112.94,11/5/2003 0:00,Shipped,Vintage Cars,44,10173,S24_2022,1085.1165
251,35,33.23,1163.05,11/5/2003 0:00,Shipped,Vintage Cars,41,10173,S24_3969,1133.9737499999999
252,48,93.34,4480.32,11/6/2003 0:00,Shipped,Trucks and Buses,116,10174,S18_1097,4032.288
253,49,44.78,2194.22,11/6/2003 0:00,Shipped,Vintage Cars,50,10174,S18_4668,2139.3644999999997
254,41,69.28,2840.48,11/6/2003 0:00,Shipped,Trucks and Buses,60,10175,S18_2432,2769.468
255,37,31.12,1151.44,11/6/2003 0:00,Shipped,Classic Cars,35,10175,S24_2840,1122.654
256,50,63.31,3165.5,11/6/2003 0:00,Shipped,Trucks and Buses,54,10175,S32_2509,3086.3624999999997
257,29,74.98,2174.42,11/6/2003 0:00,Shipped,Trucks and Buses,64,10175,S32_3522,2087.4432
258,42,85.98,3611.16,11/6/2003 0:00,Shipped,Classic Cars,101,10175,S700_2824,3250.044
259,27,68.78,1857.06,11/6/2003 0:00,Shipped,Classic Cars,57,10176,S24_1444,1810.6335
260,35,74.6,2611.0,11/7/2003 0:00,Shipped,Vintage Cars,87,10177,S18_4522,2454.3399999999997
261,45,72.58,3266.1,11/7/2003 0:00,Shipped,Vintage Cars,88,10177,S24_3151,3070.1339999999996
262,27,73.64,1988.28,11/8/2003 0:00,Shipped,Vintage Cars,65,10178,S24_3420,1908.7487999999998
263,21,72.12,1514.52,11/8/2003 0:00,Shipped,Vintage Cars,83,10178,S24_3816,1423.6488
264,29,86.13,2497.77,11/11/2003 0:00,Shipped,Motorcycles,95,10180,S10_1678,2347.9038
265,25,64.2,1605.0,11/11/2003 0:00,Shipped,Motorcycles,60,10180,S18_2625,1564.875
266,21,50.36,1057.56,11/11/2003 0:00,Shipped,Motorcycles,62,10180,S18_3782,1015.2575999999999
267,28,68.55,1919.4,11/11/2003 0:00,Shipped,Motorcycles,76,10180,S24_2000,1842.624
268,35,72.03,2521.05,11/11/2003 0:00,Shipped,Motorcycles,69,10180,S24_2360,2420.208
269,28,71.14,1991.92,11/11/2003 0:00,Shipped,Classic Cars,80,10180,S24_4620,1912.2432
270,34,45.46,1545.64,11/11/2003 0:00,Shipped,Motorcycles,40,10180,S32_2206,1506.999
271,21,93.56,1964.76,11/11/2003 0:00,Shipped,Motorcycles,81,10180,S50_4713,1846.8744
272,20,81.4,1628.0,11/12/2003 0:00,Shipped,Classic Cars,79,10181,S12_3990,1562.8799999999999
273,22,73.92,1626.24,11/12/2003 0:00,Shipped,Classic Cars,77,10181,S18_1889,1561.1904
274,30,82.82,2484.6,11/12/2003 0:00,Shipped,Classic Cars,80,10181,S18_3278,2385.216
275,34,53.83,1830.22,11/12/2003 0:00,Shipped,Classic Cars,50,10181,S24_1628,1784.4645
276,37,42.67,1578.79,11/12/2003 0:00,Shipped,Classic Cars,37,10181,S24_2972,1539.32025
277,23,65.52,1506.96,11/12/2003 0:00,Shipped,Classic Cars,61,10181,S24_3371,1446.6816
278,25,87.33,2183.25,11/12/2003 0:00,Shipped,Vintage Cars,102,10182,S18_1342,1964.925
279,32,54.45,1742.4,11/12/2003 0:00,Shipped,Vintage Cars,53,10182,S18_1367,1698.8400000000001
280,38,61.15,2323.7,11/12/2003 0:00,Shipped,Vintage Cars,60,10182,S18_2248,2265.6074999999996
281,33,86.31,2848.23,11/12/2003 0:00,Shipped,Vintage Cars,99,10182,S18_3320,2677.3361999999997
282,44,69.84,3072.96,11/12/2003 0:00,Shipped,Classic Cars,71,10182,S18_4933,2950.0416
283,47,74.22,3488.34,11/12/2003 0:00,Shipped,Classic Cars,73,10182,S24_1046,3348.8064
284,39,36.84,1436.76,11/12/2003 0:00,Shipped,Vintage Cars,33,10182,S24_1937,1400.841
285,31,36.74,1138.94,11/12/2003 0:00,Shipped,Vintage Cars,44,10182,S24_2022,1110.4665
286,36,73.6,2649.6,11/12/2003 0:00,Shipped,Classic Cars,90,10182,S24_2766,2490.624
287,33,94.17,3107.61,11/12/2003 0:00,Shipped,Classic Cars,85,10182,S24_3191,2921.1534
288,23,42.26,971.98,11/12/2003 0:00,Shipped,Vintage Cars,41,10182,S24_3969,947.6805
289,21,96.84,2033.64,11/13/2003 0:00,Shipped,Trucks and Buses,116,10183,S18_1097,1830.276
290,37,89.15,3298.55,11/13/2003 0:00,Shipped,Vintage Cars,101,10183,S18_2949,2968.695
291,39,68.08,2655.12,11/13/2003 0:00,Shipped,Vintage Cars,62,10183,S18_2957,2548.9152
292,40,49.3,1972.0,11/13/2003 0:00,Shipped,Vintage Cars,50,10183,S18_4668,1922.7
293,49,64.64,3167.36,11/13/2003 0:00,Shipped,Trucks and Buses,64,10183,S32_3522,3040.6656
294,23,86.99,2000.77,11/13/2003 0:00,Shipped,Classic Cars,101,10183,S700_2824,1800.693
295,44,60.16,2647.04,11/14/2003 0:00,Shipped,Trucks and Buses,60,10184,S18_2432,2580.864
296,31,60.11,1863.41,11/14/2003 0:00,Shipped,Classic Cars,57,10184,S24_1444,1816.82475
297,42,31.82,1336.44,11/14/2003 0:00,Shipped,Classic Cars,35,10184,S24_2840,1303.029
298,33,62.77,2071.41,11/14/2003 0:00,Shipped,Trucks and Buses,54,10184,S32_2509,2019.6247499999997
299,47,77.24,3630.28,11/14/2003 0:00,Shipped,Vintage Cars,87,10185,S18_4522,3412.4632
300,33,74.35,2453.55,11/14/2003 0:00,Shipped,Vintage Cars,88,10185,S24_3151,2306.337
301,21,69.04,1449.84,11/14/2003 0:00,Shipped,Vintage Cars,65,10186,S24_3420,1391.8464
302,36,85.54,3079.44,11/14/2003 0:00,Shipped,Vintage Cars,83,10186,S24_3816,2894.6736
303,38,96.34,3660.92,11/18/2003 0:00,Shipped,Motorcycles,118,10188,S10_2016,3294.828
304,32,65.42,2093.44,11/18/2003 0:00,Shipped,Motorcycles,60,10188,S18_2625,2041.104
305,40,91.4,3656.0,11/18/2003 0:00,Shipped,Motorcycles,76,10188,S24_2000,3509.7599999999998
306,44,98.89,4351.16,11/18/2003 0:00,Shipped,Motorcycles,99,10188,S32_1374,4090.0903999999996
307,42,76.19,3199.98,11/19/2003 0:00,Shipped,Motorcycles,69,10190,S24_2360,3071.9808
308,46,32.99,1517.54,11/19/2003 0:00,Shipped,Motorcycles,40,10190,S32_2206,1479.6015
309,42,85.72,3600.24,11/19/2003 0:00,Shipped,Motorcycles,102,10190,S32_4485,3240.216
310,40,66.72,2668.8,11/19/2003 0:00,Shipped,Motorcycles,81,10190,S50_4713,2508.672
311,30,64.64,1939.2,11/20/2003 0:00,Shipped,Classic Cars,79,10191,S12_3990,1861.632
312,36,94.88,3415.68,11/20/2003 0:00,Shipped,Classic Cars,80,10191,S18_3278,3279.0528
313,43,72.74,3127.82,11/20/2003 0:00,Shipped,Motorcycles,62,10191,S18_3782,3002.7072
314,48,60.01,2880.48,11/20/2003 0:00,Shipped,Classic Cars,61,10191,S24_3371,2765.2608
315,44,66.29,2916.76,11/20/2003 0:00,Shipped,Classic Cars,80,10191,S24_4620,2800.0896000000002
316,45,90.86,4088.7,11/20/2003 0:00,Shipped,Classic Cars,77,10192,S18_1889,3925.1519999999996
317,37,69.82,2583.34,11/20/2003 0:00,Shipped,Classic Cars,73,10192,S24_1046,2480.0064
318,47,53.83,2530.01,11/20/2003 0:00,Shipped,Classic Cars,50,10192,S24_1628,2466.75975
319,46,83.6,3845.6,11/20/2003 0:00,Shipped,Classic Cars,90,10192,S24_2766,3614.8639999999996
320,30,30.59,917.7,11/20/2003 0:00,Shipped,Classic Cars,37,10192,S24_2972,894.7575
321,32,72.77,2328.64,11/20/2003 0:00,Shipped,Classic Cars,85,10192,S24_3191,2188.9215999999997
322,46,53.37,2455.02,11/21/2003 0:00,Shipped,Vintage Cars,53,10193,S18_1367,2393.6445
323,42,59.33,2491.86,11/21/2003 0:00,Shipped,Vintage Cars,60,10193,S18_2248,2429.5635
324,28,93.21,2609.88,11/21/2003 0:00,Shipped,Vintage Cars,101,10193,S18_2949,2348.8920000000003
325,24,51.84,1244.16,11/21/2003 0:00,Shipped,Vintage Cars,62,10193,S18_2957,1194.3936
326,32,79.37,2539.84,11/21/2003 0:00,Shipped,Vintage Cars,99,10193,S18_3320,2387.4496
327,24,97.55,2341.2,11/21/2003 0:00,Shipped,Vintage Cars,92,10193,S18_4409,2200.7279999999996
328,25,76.26,1906.5,11/21/2003 0:00,Shipped,Classic Cars,71,10193,S18_4933,1830.24
329,26,29.21,759.46,11/21/2003 0:00,Shipped,Vintage Cars,33,10193,S24_1937,740.4735000000001
330,20,50.62,1012.4,11/21/2003 0:00,Shipped,Vintage Cars,44,10193,S24_2022,987.0899999999999
331,22,41.03,902.66,11/21/2003 0:00,Shipped,Vintage Cars,41,10193,S24_3969,880.0935
332,21,93.34,1960.14,11/25/2003 0:00,Shipped,Trucks and Buses,116,10194,S18_1097,1764.1260000000002
333,45,70.49,3172.05,11/25/2003 0:00,Shipped,Trucks and Buses,60,10194,S18_2432,3092.74875
334,41,44.78,1835.98,11/25/2003 0:00,Shipped,Vintage Cars,50,10194,S18_4668,1790.0805
335,37,97.27,3598.99,11/25/2003 0:00,Shipped,Trucks and Buses,96,10194,S32_1268,3383.0505999999996
336,39,54.94,2142.66,11/25/2003 0:00,Shipped,Trucks and Buses,64,10194,S32_3522,2056.9536
337,26,89.01,2314.26,11/25/2003 0:00,Shipped,Classic Cars,101,10194,S700_2824,2082.8340000000003
338,44,66.47,2924.68,11/25/2003 0:00,Shipped,Classic Cars,57,10195,S24_1444,2851.5629999999996
339,32,28.29,905.28,11/25/2003 0:00,Shipped,Classic Cars,35,10195,S24_2840,882.6479999999999
340,32,43.29,1385.28,11/25/2003 0:00,Shipped,Trucks and Buses,54,10195,S32_2509,1350.648
341,47,83.2,3910.4,11/26/2003 0:00,Shipped,Vintage Cars,88,10197,S24_3151,3675.776
342,22,86.38,1900.36,11/26/2003 0:00,Shipped,Vintage Cars,83,10197,S24_3816,1786.3383999999999
343,27,71.67,1935.09,11/27/2003 0:00,Shipped,Vintage Cars,65,10198,S24_3420,1857.6863999999998
344,29,38.4,1113.6,12/1/2003 0:00,Shipped,Vintage Cars,43,10199,S50_1341,1085.76
345,22,98.57,2168.54,12/1/2003 0:00,Shipped,Motorcycles,95,10201,S10_1678,2038.4275999999998
346,30,64.81,1944.3,12/1/2003 0:00,Shipped,Motorcycles,60,10201,S18_2625,1895.6924999999999
347,25,73.88,1847.0,12/1/2003 0:00,Shipped,Motorcycles,76,10201,S24_2000,1773.12
348,44,82.99,3651.56,12/2/2003 0:00,Shipped,Classic Cars,79,10203,S12_3990,3505.4975999999997
349,45,85.47,3846.15,12/2/2003 0:00,Shipped,Classic Cars,77,10203,S18_1889,3692.304
350,33,86.04,2839.32,12/2/2003 0:00,Shipped,Classic Cars,80,10203,S18_3278,2725.7472000000002
351,21,37.0,777.0,12/2/2003 0:00,Shipped,Classic Cars,37,10203,S24_2972,757.5749999999999
352,34,64.9,2206.6,12/2/2003 0:00,Shipped,Classic Cars,61,10203,S24_3371,2118.336
353,23,71.44,1643.12,12/2/2003 0:00,Shipped,Vintage Cars,60,10204,S18_2248,1602.042
354,29,85.59,2482.11,12/2/2003 0:00,Shipped,Vintage Cars,92,10204,S18_4409,2333.1834
355,45,76.26,3431.7,12/2/2003 0:00,Shipped,Classic Cars,71,10204,S18_4933,3294.432
356,20,62.47,1249.4,12/2/2003 0:00,Shipped,Classic Cars,73,10204,S24_1046,1199.424
357,45,49.81,2241.45,12/2/2003 0:00,Shipped,Classic Cars,50,10204,S24_1628,2185.4137499999997
358,47,96.32,4527.04,12/2/2003 0:00,Shipped,Classic Cars,90,10204,S24_2766,4255.4176
359,40,79.62,3184.8,12/2/2003 0:00,Shipped,Classic Cars,85,10204,S24_3191,2993.712
360,48,91.02,4368.96,12/2/2003 0:00,Shipped,Classic Cars,107,10204,S24_3432,3932.0640000000003
361,39,33.23,1295.97,12/2/2003 0:00,Shipped,Vintage Cars,41,10204,S24_3969,1263.57075
362,48,63.61,3053.28,12/3/2003 0:00,Shipped,Vintage Cars,53,10205,S18_1367,2976.9480000000003
363,32,37.17,1189.44,12/3/2003 0:00,Shipped,Vintage Cars,33,10205,S24_1937,1159.704
364,24,38.08,913.92,12/3/2003 0:00,Shipped,Vintage Cars,44,10205,S24_2022,891.0719999999999
365,37,90.17,3336.29,12/5/2003 0:00,Shipped,Vintage Cars,101,10206,S18_2949,3002.661
366,28,67.46,1888.88,12/5/2003 0:00,Shipped,Vintage Cars,62,10206,S18_2957,1813.3248
367,28,87.3,2444.4,12/5/2003 0:00,Shipped,Vintage Cars,99,10206,S18_3320,2297.736
368,21,53.33,1119.93,12/5/2003 0:00,Shipped,Vintage Cars,50,10206,S18_4668,1091.93175
369,33,97.39,3213.87,12/5/2003 0:00,Shipped,Vintage Cars,97,10206,S24_4258,3021.0377999999996
370,36,58.82,2117.52,12/5/2003 0:00,Shipped,Trucks and Buses,64,10206,S32_3522,2032.8192
371,34,99.54,3384.36,12/9/2003 0:00,Shipped,Trucks and Buses,118,10207,S12_4473,3045.924
372,37,69.89,2585.93,12/9/2003 0:00,Shipped,Trucks and Buses,60,10207,S18_2432,2521.2817499999996
373,49,46.82,2294.18,12/9/2003 0:00,Shipped,Classic Cars,57,10207,S24_1444,2236.8255
374,42,29.7,1247.4,12/9/2003 0:00,Shipped,Classic Cars,35,10207,S24_2840,1216.2150000000001
375,49,80.9,3964.1,12/9/2003 0:00,Shipped,Trucks and Buses,96,10207,S32_1268,3726.254
376,27,60.06,1621.62,12/9/2003 0:00,Shipped,Trucks and Buses,54,10207,S32_2509,1581.0794999999998
377,28,94.92,2657.76,12/9/2003 0:00,Shipped,Trucks and Buses,115,10207,S50_1392,2391.9840000000004
378,22,76.61,1685.42,10/4/2003 0:00,Shipped,Classic Cars,79,10300,S12_3990,1618.0032
379,41,92.4,3788.4,10/4/2003 0:00,Shipped,Classic Cars,77,10300,S18_1889,3636.864
380,49,78.8,3861.2,10/4/2003 0:00,Shipped,Classic Cars,80,10300,S18_3278,3706.7519999999995
381,31,58.78,1822.18,10/4/2003 0:00,Shipped,Classic Cars,61,10300,S24_3371,1749.2928
382,27,72.02,1944.54,10/5/2003 0:00,Shipped,Classic Cars,73,10301,S24_1046,1866.7584
383,22,51.32,1129.04,10/5/2003 0:00,Shipped,Classic Cars,50,10301,S24_1628,1100.8139999999999
384,48,34.36,1649.28,10/5/2003 0:00,Shipped,Classic Cars,37,10301,S24_2972,1608.048
385,22,96.37,2120.14,10/5/2003 0:00,Shipped,Classic Cars,107,10301,S24_3432,1908.126
386,38,89.27,3392.26,10/6/2003 0:00,Shipped,Vintage Cars,92,10302,S18_4409,3188.7244
387,23,72.7,1672.1,10/6/2003 0:00,Shipped,Classic Cars,71,10302,S18_4933,1605.216
388,48,74.48,3575.04,10/6/2003 0:00,Shipped,Classic Cars,85,10302,S24_3191,3360.5375999999997
389,45,87.77,3949.65,1/2/2004 0:00,Shipped,Vintage Cars,87,10208,S18_4522,3712.671
390,20,89.4,1788.0,1/2/2004 0:00,Shipped,Vintage Cars,88,10208,S24_3151,1680.7199999999998
391,36,77.59,2793.24,1/9/2004 0:00,Shipped,Vintage Cars,65,10209,S24_3420,2681.5103999999997
392,22,89.73,1974.06,1/9/2004 0:00,Shipped,Vintage Cars,83,10209,S24_3816,1855.6163999999999
393,40,49.67,1986.8,1/12/2004 0:00,Shipped,Motorcycles,60,10210,S18_2625,1937.1299999999999
394,30,61.7,1851.0,1/12/2004 0:00,Shipped,Motorcycles,76,10210,S24_2000,1776.96
395,46,79.91,3675.86,1/12/2004 0:00,Shipped,Motorcycles,99,10210,S32_1374,3455.3084
396,39,59.16,2307.24,1/12/2004 0:00,Shipped,Vintage Cars,68,10210,S32_4289,2214.9503999999997
397,43,41.02,1763.86,1/12/2004 0:00,Shipped,Vintage Cars,43,10210,S50_1341,1719.7634999999998
398,28,92.57,2591.96,1/15/2004 0:00,Shipped,Classic Cars,79,10211,S12_3990,2488.2816
399,35,78.0,2730.0,1/15/2004 0:00,Shipped,Classic Cars,80,10211,S18_3278,2620.7999999999997
400,46,54.09,2488.14,1/15/2004 0:00,Shipped,Motorcycles,62,10211,S18_3782,2388.6144
401,25,90.16,2254.0,1/15/2004 0:00,Shipped,Motorcycles,112,10211,S24_1578,2028.6000000000001
402,21,63.72,1338.12,1/15/2004 0:00,Shipped,Motorcycles,69,10211,S24_2360,1284.5951999999997
403,48,48.98,2351.04,1/15/2004 0:00,Shipped,Classic Cars,61,10211,S24_3371,2256.9984
404,22,92.16,2027.52,1/15/2004 0:00,Shipped,Classic Cars,80,10211,S24_4620,1946.4191999999998
405,41,42.24,1731.84,1/15/2004 0:00,Shipped,Motorcycles,40,10211,S32_2206,1688.5439999999999
406,40,80.55,3222.0,1/15/2004 0:00,Shipped,Motorcycles,81,10211,S50_4713,3028.68
407,20,66.99,1339.8,1/16/2004 0:00,Shipped,Classic Cars,77,10212,S18_1889,1286.2079999999999
408,41,82.31,3374.71,1/16/2004 0:00,Shipped,Classic Cars,73,10212,S24_1046,3239.7216
409,45,53.33,2399.85,1/16/2004 0:00,Shipped,Classic Cars,50,10212,S24_1628,2339.8537499999998
410,45,88.14,3966.3,1/16/2004 0:00,Shipped,Classic Cars,90,10212,S24_2766,3728.322
411,34,43.42,1476.28,1/16/2004 0:00,Shipped,Classic Cars,37,10212,S24_2972,1439.373
412,27,79.62,2149.74,1/16/2004 0:00,Shipped,Classic Cars,85,10212,S24_3191,2020.7555999999997
413,46,87.81,4039.26,1/16/2004 0:00,Shipped,Classic Cars,107,10212,S24_3432,3635.3340000000003
414,38,94.79,3602.02,1/22/2004 0:00,Shipped,Vintage Cars,92,10213,S18_4409,3385.8988
415,25,83.39,2084.75,1/22/2004 0:00,Shipped,Classic Cars,71,10213,S18_4933,2001.36
416,21,62.96,1322.16,1/26/2004 0:00,Shipped,Vintage Cars,60,10214,S18_2248,1289.106
417,20,34.19,683.8,1/26/2004 0:00,Shipped,Vintage Cars,33,10214,S24_1937,666.7049999999999
418,49,47.94,2349.06,1/26/2004 0:00,Shipped,Vintage Cars,44,10214,S24_2022,2290.3334999999997
419,44,34.88,1534.72,1/26/2004 0:00,Shipped,Vintage Cars,41,10214,S24_3969,1496.352
420,27,89.38,2413.26,1/29/2004 0:00,Shipped,Vintage Cars,102,10215,S18_1342,2171.934
421,33,43.13,1423.29,1/29/2004 0:00,Shipped,Vintage Cars,53,10215,S18_1367,1387.70775
422,31,58.71,1820.01,1/29/2004 0:00,Shipped,Vintage Cars,62,10215,S18_2957,1747.2096
423,46,45.28,2082.88,1/29/2004 0:00,Shipped,Vintage Cars,50,10215,S18_4668,2030.808
424,39,90.57,3532.23,1/29/2004 0:00,Shipped,Vintage Cars,97,10215,S24_4258,3320.2961999999998
425,35,61.38,2148.3,2/4/2004 0:00,Shipped,Trucks and Buses,60,10217,S18_2432,2094.5925
426,39,62.05,2419.95,2/4/2004 0:00,Shipped,Trucks and Buses,64,10217,S32_3522,2323.1519999999996
427,31,88.0,2728.0,2/4/2004 0:00,Shipped,Classic Cars,101,10217,S700_2824,2455.2000000000003
428,21,40.31,846.51,2/10/2004 0:00,Shipped,Classic Cars,35,10219,S24_2840,825.3472499999999
429,35,55.19,1931.65,2/10/2004 0:00,Shipped,Trucks and Buses,54,10219,S32_2509,1883.35875
430,26,56.07,1457.82,2/12/2004 0:00,Shipped,Classic Cars,57,10220,S24_1444,1421.3745
431,39,89.53,3491.67,2/18/2004 0:00,Shipped,Vintage Cars,87,10221,S18_4522,3282.1697999999997
432,45,85.75,3858.75,2/19/2004 0:00,Shipped,Vintage Cars,105,10222,S18_3856,3472.875
433,47,70.81,3328.07,2/19/2004 0:00,Shipped,Vintage Cars,88,10222,S24_3151,3128.3858
434,43,70.35,3025.05,2/19/2004 0:00,Shipped,Vintage Cars,65,10222,S24_3420,2904.0480000000002
435,46,80.51,3703.46,2/19/2004 0:00,Shipped,Vintage Cars,83,10222,S24_3816,3481.2524
436,28,60.57,1695.96,2/20/2004 0:00,Shipped,Motorcycles,60,10223,S18_2625,1653.561
437,32,91.29,2921.28,2/20/2004 0:00,Shipped,Motorcycles,112,10223,S24_1578,2629.152
438,38,69.31,2633.78,2/20/2004 0:00,Shipped,Motorcycles,76,10223,S24_2000,2528.4288
439,20,66.04,1320.8,2/20/2004 0:00,Shipped,Vintage Cars,68,10223,S32_4289,1267.9679999999998
440,41,46.26,1896.66,2/20/2004 0:00,Shipped,Vintage Cars,43,10223,S50_1341,1849.2435
441,38,58.44,2220.72,2/21/2004 0:00,Shipped,Motorcycles,62,10224,S18_3782,2131.8911999999996
442,37,80.34,2972.58,2/21/2004 0:00,Shipped,Motorcycles,69,10224,S24_2360,2853.6767999999997
443,43,39.43,1695.49,2/21/2004 0:00,Shipped,Motorcycles,40,10224,S32_2206,1653.10275
444,50,77.29,3864.5,2/21/2004 0:00,Shipped,Motorcycles,81,10224,S50_4713,3632.6299999999997
445,25,99.82,2495.5,2/22/2004 0:00,Shipped,Classic Cars,117,10225,S12_3380,2245.9500000000003
446,37,77.41,2864.17,2/22/2004 0:00,Shipped,Classic Cars,79,10225,S12_3990,2749.6032
447,47,64.68,3039.96,2/22/2004 0:00,Shipped,Classic Cars,77,10225,S18_1889,2918.3615999999997
448,37,95.69,3540.53,2/22/2004 0:00,Shipped,Classic Cars,80,10225,S18_3278,3398.9088
449,42,36.63,1538.46,2/22/2004 0:00,Shipped,Classic Cars,37,10225,S24_2972,1499.9985
450,24,50.21,1205.04,2/22/2004 0:00,Shipped,Classic Cars,61,10225,S24_3371,1156.8383999999999
451,46,70.33,3235.18,2/22/2004 0:00,Shipped,Classic Cars,80,10225,S24_4620,3105.7727999999997
452,21,60.26,1265.46,2/26/2004 0:00,Shipped,Classic Cars,73,10226,S24_1046,1214.8416
453,36,43.27,1557.72,2/26/2004 0:00,Shipped,Classic Cars,50,10226,S24_1628,1518.777
454,48,92.09,4420.32,2/26/2004 0:00,Shipped,Classic Cars,107,10226,S24_3432,3978.288
455,31,48.52,1504.12,3/2/2004 0:00,Shipped,Vintage Cars,53,10227,S18_1367,1466.5169999999998
456,28,50.85,1423.8,3/2/2004 0:00,Shipped,Vintage Cars,60,10227,S18_2248,1388.205
457,37,57.73,2136.01,3/2/2004 0:00,Shipped,Classic Cars,71,10227,S18_4933,2050.5696000000003
458,42,29.21,1226.82,3/2/2004 0:00,Shipped,Vintage Cars,33,10227,S24_1937,1196.1495
459,24,48.38,1161.12,3/2/2004 0:00,Shipped,Vintage Cars,44,10227,S24_2022,1132.0919999999999
460,47,88.14,4142.58,3/2/2004 0:00,Shipped,Classic Cars,90,10227,S24_2766,3894.0251999999996
461,40,79.62,3184.8,3/2/2004 0:00,Shipped,Classic Cars,85,10227,S24_3191,2993.712
462,27,43.9,1185.3,3/2/2004 0:00,Shipped,Vintage Cars,41,10227,S24_3969,1155.6675
463,45,63.71,2866.95,3/10/2004 0:00,Shipped,Vintage Cars,62,10228,S18_2957,2752.272
464,28,59.55,1667.4,3/11/2004 0:00,Shipped,Trucks and Buses,60,10229,S18_2432,1625.7150000000001
465,39,40.25,1569.75,3/11/2004 0:00,Shipped,Vintage Cars,50,10229,S18_4668,1530.50625
466,33,32.88,1085.04,3/11/2004 0:00,Shipped,Classic Cars,35,10229,S24_2840,1057.914
467,23,54.11,1244.53,3/11/2004 0:00,Shipped,Trucks and Buses,54,10229,S32_2509,1213.4167499999999
468,30,73.04,2191.2,3/11/2004 0:00,Shipped,Trucks and Buses,64,10229,S32_3522,2103.5519999999997
469,36,54.33,1955.88,3/15/2004 0:00,Shipped,Classic Cars,57,10230,S24_1444,1906.9830000000002
470,23,89.53,2059.19,3/20/2004 0:00,Shipped,Vintage Cars,87,10232,S18_4522,1935.6386
471,40,94.71,3788.4,3/29/2004 0:00,Shipped,Vintage Cars,88,10233,S24_3151,3561.096
472,34,77.73,2642.82,4/2/2004 0:00,Shipped,Vintage Cars,68,10235,S32_4289,2537.1072
473,41,35.35,1449.35,4/2/2004 0:00,Shipped,Vintage Cars,43,10235,S50_1341,1413.1162499999998
474,23,55.72,1281.56,4/3/2004 0:00,Shipped,Motorcycles,60,10236,S18_2625,1249.521
475,36,87.6,3153.6,4/3/2004 0:00,Shipped,Motorcycles,76,10236,S24_2000,3027.4559999999997
476,26,52.22,1357.72,4/5/2004 0:00,Shipped,Motorcycles,62,10237,S18_3782,1303.4112
477,26,79.65,2070.9,4/5/2004 0:00,Shipped,Motorcycles,69,10237,S24_2360,1988.064
478,26,40.23,1045.98,4/5/2004 0:00,Shipped,Motorcycles,40,10237,S32_2206,1019.8305
479,20,68.34,1366.8,4/5/2004 0:00,Shipped,Motorcycles,81,10237,S50_4713,1284.792
480,20,74.21,1484.2,4/9/2004 0:00,Shipped,Classic Cars,79,10238,S12_3990,1424.8319999999999
481,41,73.17,2999.97,4/9/2004 0:00,Shipped,Classic Cars,80,10238,S18_3278,2879.9711999999995
482,47,62.45,2935.15,4/9/2004 0:00,Shipped,Classic Cars,61,10238,S24_3371,2817.744
483,22,93.77,2062.94,4/9/2004 0:00,Shipped,Classic Cars,80,10238,S24_4620,1980.4224
484,21,93.28,1958.88,4/12/2004 0:00,Shipped,Classic Cars,115,10239,S12_4675,1762.9920000000002
485,46,73.92,3400.32,4/12/2004 0:00,Shipped,Classic Cars,77,10239,S18_1889,3264.3072
486,20,44.56,891.2,4/12/2004 0:00,Shipped,Classic Cars,37,10239,S24_2972,868.9200000000001
487,33,72.65,2397.45,4/13/2004 0:00,Shipped,Vintage Cars,60,10241,S18_2248,2337.5137499999996
488,42,90.19,3787.98,4/13/2004 0:00,Shipped,Vintage Cars,92,10241,S18_4409,3560.7012
489,30,66.99,2009.7,4/13/2004 0:00,Shipped,Classic Cars,71,10241,S18_4933,1929.312
490,22,76.43,1681.46,4/13/2004 0:00,Shipped,Classic Cars,73,10241,S24_1046,1614.2015999999999
491,21,40.25,845.25,4/13/2004 0:00,Shipped,Classic Cars,50,10241,S24_1628,824.11875
492,47,94.5,4441.5,4/13/2004 0:00,Shipped,Classic Cars,90,10241,S24_2766,4175.009999999999
493,28,98.65,2762.2,4/13/2004 0:00,Shipped,Classic Cars,117,10241,S24_2887,2485.98
494,26,81.33,2114.58,4/13/2004 0:00,Shipped,Classic Cars,85,10241,S24_3191,1987.7051999999999
495,27,86.73,2341.71,4/13/2004 0:00,Shipped,Classic Cars,107,10241,S24_3432,2107.539
496,46,36.93,1698.78,4/20/2004 0:00,Shipped,Vintage Cars,41,10242,S24_3969,1656.3105
497,33,29.54,974.82,4/26/2004 0:00,Shipped,Vintage Cars,33,10243,S24_1937,950.4495000000001
498,20,58.22,1164.4,4/29/2004 0:00,Shipped,Vintage Cars,53,10244,S18_1367,1135.29
499,24,58.09,1394.16,4/29/2004 0:00,Shipped,Vintage Cars,62,10244,S18_2957,1338.3936
500,36,84.33,3035.88,4/29/2004 0:00,Shipped,Vintage Cars,99,10244,S18_3320,2853.7272
501,39,45.25,1764.75,4/29/2004 0:00,Shipped,Vintage Cars,44,10244,S24_2022,1720.63125
502,40,86.68,3467.2,4/29/2004 0:00,Shipped,Vintage Cars,97,10244,S24_4258,3259.1679999999997
503,45,59.87,2694.15,5/4/2004 0:00,Shipped,Vintage Cars,50,10245,S18_4668,2626.79625
504,44,69.16,3043.04,5/4/2004 0:00,Shipped,Trucks and Buses,64,10245,S32_3522,2921.3183999999997
505,22,98.18,2159.96,5/5/2004 0:00,Shipped,Trucks and Buses,122,10246,S18_2319,1943.9640000000002
506,30,61.99,1859.7,5/5/2004 0:00,Shipped,Trucks and Buses,60,10246,S18_2432,1813.2075
507,44,52.6,2314.4,5/5/2004 0:00,Shipped,Classic Cars,57,10246,S24_1444,2256.54
508,49,36.07,1767.43,5/5/2004 0:00,Shipped,Classic Cars,35,10246,S24_2840,1723.24425
509,35,48.7,1704.5,5/5/2004 0:00,Shipped,Trucks and Buses,54,10246,S32_2509,1661.8875
510,42,75.48,3170.16,5/7/2004 0:00,Cancelled,Vintage Cars,87,10248,S18_4522,2979.9503999999997
511,23,76.31,1755.13,5/7/2004 0:00,Cancelled,Vintage Cars,83,10248,S24_3816,1649.8222
512,25,69.7,1742.5,5/8/2004 0:00,Shipped,Vintage Cars,65,10249,S24_3420,1672.8
513,32,87.6,2803.2,5/11/2004 0:00,Shipped,Motorcycles,76,10250,S24_2000,2691.0719999999997
514,50,61.22,3061.0,5/11/2004 0:00,Shipped,Vintage Cars,68,10250,S32_4289,2938.56
515,36,51.93,1869.48,5/11/2004 0:00,Shipped,Vintage Cars,43,10250,S50_1341,1822.743
516,29,61.18,1774.22,5/18/2004 0:00,Shipped,Motorcycles,60,10251,S18_2625,1729.8645
517,20,76.39,1527.8,5/26/2004 0:00,Shipped,Classic Cars,80,10252,S18_3278,1466.6879999999999
518,31,52.84,1638.04,5/26/2004 0:00,Shipped,Motorcycles,62,10252,S18_3782,1572.5184
519,47,65.8,3092.6,5/26/2004 0:00,Shipped,Motorcycles,69,10252,S24_2360,2968.8959999999997
520,38,87.31,3317.78,5/26/2004 0:00,Shipped,Classic Cars,80,10252,S24_4620,3185.0688
521,36,48.28,1738.08,5/26/2004 0:00,Shipped,Motorcycles,40,10252,S32_2206,1694.628
522,48,72.41,3475.68,5/26/2004 0:00,Shipped,Motorcycles,81,10252,S50_4713,3267.1391999999996
523,25,90.17,2254.25,6/1/2004 0:00,Cancelled,Classic Cars,79,10253,S12_3990,2164.08
524,23,83.93,1930.39,6/1/2004 0:00,Cancelled,Classic Cars,77,10253,S18_1889,1853.1744
525,40,42.67,1706.8,6/1/2004 0:00,Cancelled,Classic Cars,37,10253,S24_2972,1664.1299999999999
526,24,52.66,1263.84,6/1/2004 0:00,Cancelled,Classic Cars,61,10253,S24_3371,1213.2864
527,37,45.7,1690.9,6/4/2004 0:00,Shipped,Vintage Cars,44,10255,S24_2022,1648.6275
528,34,95.55,3248.7,6/8/2004 0:00,Shipped,Vintage Cars,102,10256,S18_1342,2923.83
529,29,51.75,1500.75,6/8/2004 0:00,Shipped,Vintage Cars,53,10256,S18_1367,1463.23125
530,50,88.14,4407.0,6/14/2004 0:00,Shipped,Vintage Cars,101,10257,S18_2949,3966.3
531,49,53.72,2632.28,6/14/2004 0:00,Shipped,Vintage Cars,62,10257,S18_2957,2526.9888
532,37,84.82,3138.34,6/14/2004 0:00,Shipped,Vintage Cars,104,10257,S18_3136,2824.5060000000003
533,26,89.29,2321.54,6/14/2004 0:00,Shipped,Vintage Cars,99,10257,S18_3320,2182.2475999999997
534,46,78.89,3628.94,6/14/2004 0:00,Shipped,Vintage Cars,97,10257,S24_4258,3411.2036
535,21,59.87,1257.27,6/15/2004 0:00,Shipped,Vintage Cars,50,10258,S18_4668,1225.83825
536,20,61.41,1228.2,6/15/2004 0:00,Shipped,Trucks and Buses,64,10258,S32_3522,1179.072
537,45,80.92,3641.4,6/15/2004 0:00,Shipped,Classic Cars,101,10258,S700_2824,3277.26
538,34,99.41,3379.94,6/15/2004 0:00,Shipped,Trucks and Buses,122,10259,S18_2319,3041.946
539,30,49.22,1476.6,6/15/2004 0:00,Shipped,Trucks and Buses,60,10259,S18_2432,1439.685
540,28,46.82,1310.96,6/15/2004 0:00,Shipped,Classic Cars,57,10259,S24_1444,1278.186
541,31,33.24,1030.44,6/15/2004 0:00,Shipped,Classic Cars,35,10259,S24_2840,1004.679
542,45,86.68,3900.6,6/15/2004 0:00,Shipped,Trucks and Buses,96,10259,S32_1268,3666.564
543,40,43.83,1753.2,6/15/2004 0:00,Shipped,Trucks and Buses,54,10259,S32_2509,1709.3700000000001
544,20,89.53,1790.6,6/17/2004 0:00,Shipped,Vintage Cars,87,10261,S18_4522,1683.1639999999998
545,22,91.17,2005.74,6/17/2004 0:00,Shipped,Vintage Cars,88,10261,S24_3151,1885.3955999999998
546,46,70.35,3236.1,6/24/2004 0:00,Cancelled,Vintage Cars,65,10262,S24_3420,3106.656
547,49,87.21,4273.29,6/24/2004 0:00,Cancelled,Vintage Cars,83,10262,S24_3816,4016.8925999999997
548,40,79.11,3164.4,6/24/2004 0:00,Cancelled,Vintage Cars,68,10262,S32_4289,3037.824
549,49,37.97,1860.53,6/24/2004 0:00,Cancelled,Vintage Cars,43,10262,S50_1341,1814.01675
550,34,58.75,1997.5,6/28/2004 0:00,Shipped,Motorcycles,60,10263,S18_2625,1947.5625
551,37,62.46,2311.02,6/28/2004 0:00,Shipped,Motorcycles,76,10263,S24_2000,2218.5791999999997
552,31,79.91,2477.21,6/28/2004 0:00,Shipped,Motorcycles,99,10263,S32_1374,2328.5774
553,48,54.71,2626.08,6/30/2004 0:00,Shipped,Motorcycles,62,10264,S18_3782,2521.0368
554,37,65.1,2408.7,6/30/2004 0:00,Shipped,Motorcycles,69,10264,S24_2360,2312.352
555,47,83.27,3913.69,6/30/2004 0:00,Shipped,Classic Cars,80,10264,S24_4620,3757.1423999999997
556,20,32.59,651.8,6/30/2004 0:00,Shipped,Motorcycles,40,10264,S32_2206,635.505
557,34,97.97,3330.98,6/30/2004 0:00,Shipped,Motorcycles,102,10264,S32_4485,2997.882
558,47,89.5,4206.5,6/30/2004 0:00,Shipped,Motorcycles,81,10264,S50_4713,3954.1099999999997
559,45,86.84,3907.8,7/2/2004 0:00,Shipped,Classic Cars,80,10265,S18_3278,3751.488
560,35,76.61,2681.35,7/6/2004 0:00,Shipped,Classic Cars,79,10266,S12_3990,2574.096
561,33,74.69,2464.77,7/6/2004 0:00,Shipped,Classic Cars,77,10266,S18_1889,2366.1792
562,28,48.3,1352.4,7/6/2004 0:00,Shipped,Classic Cars,50,10266,S24_1628,1318.5900000000001
563,34,40.4,1373.6,7/6/2004 0:00,Shipped,Classic Cars,37,10266,S24_2972,1339.26
564,47,62.45,2935.15,7/6/2004 0:00,Shipped,Classic Cars,61,10266,S24_3371,2817.744
565,36,75.55,2719.8,7/7/2004 0:00,Shipped,Classic Cars,71,10267,S18_4933,2611.0080000000003
566,40,80.1,3204.0,7/7/2004 0:00,Shipped,Classic Cars,73,10267,S24_1046,3075.8399999999997
567,38,87.24,3315.12,7/7/2004 0:00,Shipped,Classic Cars,90,10267,S24_2766,3116.2128
568,44,96.74,4256.56,7/7/2004 0:00,Shipped,Classic Cars,85,10267,S24_3191,4001.1664
569,32,63.08,2018.56,7/16/2004 0:00,Shipped,Vintage Cars,62,10269,S18_2957,1937.8175999999999
570,48,97.39,4674.72,7/16/2004 0:00,Shipped,Vintage Cars,97,10269,S24_4258,4394.2368
571,43,96.84,4164.12,7/19/2004 0:00,Shipped,Trucks and Buses,116,10270,S18_1097,3747.708
572,31,96.24,2983.44,7/19/2004 0:00,Shipped,Vintage Cars,101,10270,S18_2949,2685.096
573,44,58.36,2567.84,7/19/2004 0:00,Shipped,Vintage Cars,50,10270,S18_4668,2503.6440000000002
574,32,85.72,2743.04,7/19/2004 0:00,Shipped,Trucks and Buses,96,10270,S32_1268,2578.4575999999997
575,21,63.35,1330.35,7/19/2004 0:00,Shipped,Trucks and Buses,64,10270,S32_3522,1277.136
576,46,88.0,4048.0,7/19/2004 0:00,Shipped,Classic Cars,101,10270,S700_2824,3643.2000000000003
577,31,97.17,3012.27,7/20/2004 0:00,Shipped,Trucks and Buses,118,10271,S12_4473,2711.043
578,25,69.28,1732.0,7/20/2004 0:00,Shipped,Trucks and Buses,60,10271,S18_2432,1688.7
579,45,64.74,2913.3,7/20/2004 0:00,Shipped,Classic Cars,57,10271,S24_1444,2840.4675
580,38,41.72,1585.36,7/20/2004 0:00,Shipped,Classic Cars,35,10271,S24_2840,1545.7259999999999
581,35,47.62,1666.7,7/20/2004 0:00,Shipped,Trucks and Buses,54,10271,S32_2509,1625.0325
582,34,98.39,3345.26,7/20/2004 0:00,Shipped,Trucks and Buses,115,10271,S50_1392,3010.7340000000004
583,50,85.75,4287.5,7/21/2004 0:00,Shipped,Vintage Cars,105,10273,S18_3856,3858.75
584,33,71.09,2345.97,7/21/2004 0:00,Shipped,Vintage Cars,87,10273,S18_4522,2205.2117999999996
585,48,83.02,3984.96,7/21/2004 0:00,Shipped,Vintage Cars,83,10273,S24_3816,3745.8624
586,24,72.33,1735.92,7/21/2004 0:00,Shipped,Vintage Cars,65,10274,S24_3420,1666.4832
587,45,92.83,4177.35,7/23/2004 0:00,Shipped,Motorcycles,95,10275,S10_1678,3926.7090000000003
588,37,63.6,2353.2,7/23/2004 0:00,Shipped,Motorcycles,60,10275,S18_2625,2294.37
589,30,79.98,2399.4,7/23/2004 0:00,Shipped,Motorcycles,76,10275,S24_2000,2303.424
590,23,81.91,1883.93,7/23/2004 0:00,Shipped,Motorcycles,99,10275,S32_1374,1770.8942
591,28,63.97,1791.16,7/23/2004 0:00,Shipped,Vintage Cars,68,10275,S32_4289,1719.5136
592,38,45.39,1724.82,7/23/2004 0:00,Shipped,Vintage Cars,43,10275,S50_1341,1681.6995
593,38,83.79,3184.02,8/2/2004 0:00,Shipped,Classic Cars,79,10276,S12_3990,3056.6592
594,38,69.96,2658.48,8/2/2004 0:00,Shipped,Classic Cars,80,10276,S18_3278,2552.1408
595,33,50.36,1661.88,8/2/2004 0:00,Shipped,Motorcycles,62,10276,S18_3782,1595.4048
596,46,75.49,3472.54,8/2/2004 0:00,Shipped,Motorcycles,69,10276,S24_2360,3333.6384
597,20,61.23,1224.6,8/2/2004 0:00,Shipped,Classic Cars,61,10276,S24_3371,1175.6159999999998
598,48,75.18,3608.64,8/2/2004 0:00,Shipped,Classic Cars,80,10276,S24_4620,3464.2943999999998
599,27,36.61,988.47,8/2/2004 0:00,Shipped,Motorcycles,40,10276,S32_2206,963.75825
600,21,70.78,1486.38,8/2/2004 0:00,Shipped,Motorcycles,81,10276,S50_4713,1397.1972
601,29,90.86,2634.94,8/6/2004 0:00,Shipped,Classic Cars,77,10278,S18_1889,2529.5424
602,35,45.28,1584.8,8/6/2004 0:00,Shipped,Classic Cars,50,10278,S24_1628,1545.1799999999998
603,31,38.89,1205.59,8/6/2004 0:00,Shipped,Classic Cars,37,10278,S24_2972,1175.4502499999999
604,26,60.58,1575.08,8/9/2004 0:00,Shipped,Classic Cars,71,10279,S18_4933,1512.0767999999998
605,32,74.96,2398.72,8/9/2004 0:00,Shipped,Classic Cars,73,10279,S24_1046,2302.7711999999997
606,49,79.97,3918.53,8/9/2004 0:00,Shipped,Classic Cars,90,10279,S24_2766,3683.4182
607,33,71.06,2344.98,8/9/2004 0:00,Shipped,Classic Cars,85,10279,S24_3191,2204.2812
608,27,57.68,1557.36,8/17/2004 0:00,Shipped,Vintage Cars,53,10280,S18_1367,1518.426
609,25,62.96,1574.0,8/17/2004 0:00,Shipped,Vintage Cars,60,10280,S18_2248,1534.6499999999999
610,43,68.71,2954.53,8/17/2004 0:00,Shipped,Vintage Cars,62,10280,S18_2957,2836.3488
611,20,28.88,577.6,8/17/2004 0:00,Shipped,Vintage Cars,33,10280,S24_1937,563.16
612,45,47.49,2137.05,8/17/2004 0:00,Shipped,Vintage Cars,44,10280,S24_2022,2083.62375
613,33,41.85,1381.05,8/17/2004 0:00,Shipped,Vintage Cars,41,10280,S24_3969,1346.5237499999998
614,21,78.89,1656.69,8/17/2004 0:00,Shipped,Vintage Cars,97,10280,S24_4258,1557.2885999999999
615,29,57.73,1674.17,8/19/2004 0:00,Shipped,Trucks and Buses,60,10281,S18_2432,1632.31575
616,25,99.29,2482.25,8/19/2004 0:00,Shipped,Trucks and Buses,121,10281,S18_4600,2234.025
617,44,59.87,2634.28,8/19/2004 0:00,Shipped,Vintage Cars,50,10281,S18_4668,2568.4230000000002
618,20,40.66,813.2,8/19/2004 0:00,Shipped,Classic Cars,35,10281,S24_2840,792.87
619,29,82.83,2402.07,8/19/2004 0:00,Shipped,Trucks and Buses,96,10281,S32_1268,2257.9458
620,31,55.19,1710.89,8/19/2004 0:00,Shipped,Trucks and Buses,54,10281,S32_2509,1668.1177500000001
621,36,77.57,2792.52,8/19/2004 0:00,Shipped,Trucks and Buses,64,10281,S32_3522,2680.8192
622,27,85.98,2321.46,8/19/2004 0:00,Shipped,Classic Cars,101,10281,S700_2824,2089.3140000000003
623,29,46.82,1357.78,8/20/2004 0:00,Shipped,Classic Cars,57,10282,S24_1444,1323.8355
624,34,92.94,3159.96,8/20/2004 0:00,Shipped,Vintage Cars,88,10283,S24_3151,2970.3624
625,33,72.96,2407.68,8/20/2004 0:00,Shipped,Vintage Cars,83,10283,S24_3816,2263.2191999999995
626,39,71.67,2795.13,8/21/2004 0:00,Shipped,Vintage Cars,65,10284,S24_3420,2683.3248
627,50,81.86,4093.0,8/21/2004 0:00,Shipped,Vintage Cars,68,10284,S32_4289,3929.2799999999997
628,33,51.93,1713.69,8/21/2004 0:00,Shipped,Vintage Cars,43,10284,S50_1341,1670.84775
629,20,49.06,981.2,8/27/2004 0:00,Shipped,Motorcycles,60,10285,S18_2625,956.6700000000001
630,39,70.08,2733.12,8/27/2004 0:00,Shipped,Motorcycles,76,10285,S24_2000,2623.7952
631,38,59.56,2263.28,8/27/2004 0:00,Shipped,Motorcycles,69,10285,S24_2360,2172.7488000000003
632,37,98.89,3658.93,8/27/2004 0:00,Shipped,Motorcycles,99,10285,S32_1374,3439.3941999999997
633,37,41.03,1518.11,8/27/2004 0:00,Shipped,Motorcycles,40,10285,S32_2206,1480.15725
634,39,78.92,3077.88,8/27/2004 0:00,Shipped,Motorcycles,81,10285,S50_4713,2893.2072
635,38,57.2,2173.6,8/28/2004 0:00,Shipped,Motorcycles,62,10286,S18_3782,2086.656
636,41,69.43,2846.63,8/30/2004 0:00,Shipped,Classic Cars,79,10287,S12_3990,2732.7648
637,44,82.39,3625.16,8/30/2004 0:00,Shipped,Classic Cars,77,10287,S18_1889,3480.1535999999996
638,43,70.76,3042.68,8/30/2004 0:00,Shipped,Classic Cars,80,10287,S18_3278,2920.9727999999996
639,36,39.65,1427.4,8/30/2004 0:00,Shipped,Classic Cars,37,10287,S24_2972,1391.7150000000001
640,20,67.97,1359.4,8/30/2004 0:00,Shipped,Classic Cars,61,10287,S24_3371,1305.0240000000001
641,40,88.12,3524.8,8/30/2004 0:00,Shipped,Classic Cars,80,10287,S24_4620,3383.808
642,28,61.75,1729.0,9/1/2004 0:00,Shipped,Vintage Cars,60,10288,S18_2248,1685.7749999999999
643,35,80.99,2834.65,9/1/2004 0:00,Shipped,Vintage Cars,92,10288,S18_4409,2664.571
644,23,73.41,1688.43,9/1/2004 0:00,Shipped,Classic Cars,71,10288,S18_4933,1620.8928
645,36,66.14,2381.04,9/1/2004 0:00,Shipped,Classic Cars,73,10288,S24_1046,2285.7983999999997
646,50,52.32,2616.0,9/1/2004 0:00,Shipped,Classic Cars,50,10288,S24_1628,2550.6
647,29,38.17,1106.93,9/1/2004 0:00,Shipped,Vintage Cars,33,10288,S24_1937,1079.25675
648,35,80.87,2830.45,9/1/2004 0:00,Shipped,Classic Cars,90,10288,S24_2766,2660.6229999999996
649,34,68.49,2328.66,9/1/2004 0:00,Shipped,Classic Cars,85,10288,S24_3191,2188.9404
650,33,40.62,1340.46,9/1/2004 0:00,Shipped,Vintage Cars,41,10288,S24_3969,1306.9485
651,24,56.07,1345.68,9/3/2004 0:00,Shipped,Vintage Cars,53,10289,S18_1367,1312.038
652,45,48.38,2177.1,9/3/2004 0:00,Shipped,Vintage Cars,44,10289,S24_2022,2122.6724999999997
653,26,96.23,2501.98,9/7/2004 0:00,Shipped,Vintage Cars,99,10290,S18_3320,2351.8612
654,26,57.73,1500.98,9/8/2004 0:00,Shipped,Trucks and Buses,60,10291,S18_2432,1463.4555
655,37,50.59,1871.83,9/8/2004 0:00,Shipped,Vintage Cars,62,10291,S18_2957,1796.9568
656,29,51.82,1502.78,9/8/2004 0:00,Shipped,Vintage Cars,50,10291,S18_4668,1465.2105
657,26,83.79,2178.54,9/8/2004 0:00,Shipped,Trucks and Buses,96,10291,S32_1268,2047.8275999999998
658,32,71.75,2296.0,9/8/2004 0:00,Shipped,Trucks and Buses,64,10291,S32_3522,2204.16
659,40,53.75,2150.0,9/8/2004 0:00,Shipped,Classic Cars,57,10292,S24_1444,2096.25
660,39,30.06,1172.34,9/8/2004 0:00,Shipped,Classic Cars,35,10292,S24_2840,1143.0314999999998
661,50,46.53,2326.5,9/8/2004 0:00,Shipped,Trucks and Buses,54,10292,S32_2509,2268.3375
662,46,84.97,3908.62,9/10/2004 0:00,Shipped,Vintage Cars,88,10295,S24_3151,3674.1027999999997
663,22,84.7,1863.4,9/15/2004 0:00,Shipped,Vintage Cars,105,10296,S18_3856,1677.0600000000002
664,31,53.92,1671.52,9/15/2004 0:00,Shipped,Vintage Cars,65,10296,S24_3420,1604.6591999999998
665,22,77.15,1697.3,9/15/2004 0:00,Shipped,Vintage Cars,83,10296,S24_3816,1595.4619999999998
666,26,48.44,1259.44,9/15/2004 0:00,Shipped,Vintage Cars,43,10296,S50_1341,1227.954
667,32,65.51,2096.32,9/16/2004 0:00,Shipped,Motorcycles,76,10297,S24_2000,2012.4672
668,28,79.8,2234.4,9/16/2004 0:00,Shipped,Vintage Cars,68,10297,S32_4289,2145.024
669,39,96.34,3757.26,9/27/2004 0:00,Shipped,Motorcycles,118,10298,S10_2016,3381.534
670,32,48.46,1550.72,9/27/2004 0:00,Shipped,Motorcycles,60,10298,S18_2625,1511.952
671,39,55.95,2182.05,9/30/2004 0:00,Shipped,Motorcycles,62,10299,S18_3782,2094.768
672,33,66.49,2194.17,9/30/2004 0:00,Shipped,Motorcycles,69,10299,S24_2360,2106.4032
673,32,80.84,2586.88,9/30/2004 0:00,Shipped,Classic Cars,80,10299,S24_4620,2483.4048
674,24,42.24,1013.76,9/30/2004 0:00,Shipped,Motorcycles,40,10299,S32_2206,988.4159999999999
675,44,80.55,3544.2,9/30/2004 0:00,Shipped,Motorcycles,81,10299,S50_4713,3331.548
676,46,49.04,2255.84,10/6/2004 0:00,Shipped,Vintage Cars,60,10303,S18_2248,2199.444
677,24,40.21,965.04,10/6/2004 0:00,Shipped,Vintage Cars,41,10303,S24_3969,940.914
678,46,98.0,4508.0,10/11/2004 0:00,Shipped,Trucks and Buses,116,10304,S18_1097,4057.2000000000003
679,37,95.55,3535.35,10/11/2004 0:00,Shipped,Vintage Cars,102,10304,S18_1342,3181.815
680,37,48.52,1795.24,10/11/2004 0:00,Shipped,Vintage Cars,53,10304,S18_1367,1750.359
681,24,64.96,1559.04,10/11/2004 0:00,Shipped,Vintage Cars,62,10304,S18_2957,1496.6784
682,26,85.87,2232.62,10/11/2004 0:00,Shipped,Vintage Cars,104,10304,S18_3136,2009.358
683,34,49.3,1676.2,10/11/2004 0:00,Shipped,Vintage Cars,50,10304,S18_4668,1634.295
684,23,30.2,694.6,10/11/2004 0:00,Shipped,Vintage Cars,33,10304,S24_1937,677.235
685,44,39.42,1734.48,10/11/2004 0:00,Shipped,Vintage Cars,44,10304,S24_2022,1691.118
686,36,73.04,2629.44,10/11/2004 0:00,Shipped,Trucks and Buses,64,10304,S32_3522,2524.2624
687,41,53.48,2192.68,10/13/2004 0:00,Shipped,Trucks and Buses,60,10305,S18_2432,2137.863
688,22,99.29,2184.38,10/13/2004 0:00,Shipped,Trucks and Buses,121,10305,S18_4600,1965.9420000000002
689,45,61.85,2783.25,10/13/2004 0:00,Shipped,Classic Cars,57,10305,S24_1444,2713.66875
690,48,31.47,1510.56,10/13/2004 0:00,Shipped,Classic Cars,35,10305,S24_2840,1472.7959999999998
691,40,57.9,2316.0,10/13/2004 0:00,Shipped,Trucks and Buses,54,10305,S32_2509,2258.1
692,39,90.4,3525.6,10/14/2004 0:00,Shipped,Vintage Cars,87,10306,S18_4522,3314.064
693,31,84.08,2606.48,10/14/2004 0:00,Shipped,Vintage Cars,88,10306,S24_3151,2450.0912
694,48,86.81,4166.88,10/14/2004 0:00,Shipped,Vintage Cars,105,10307,S18_3856,3750.192
695,22,71.67,1576.74,10/14/2004 0:00,Shipped,Vintage Cars,65,10307,S24_3420,1513.6704
696,22,91.41,2011.02,10/14/2004 0:00,Shipped,Vintage Cars,83,10307,S24_3816,1890.3588
697,34,52.09,1771.06,10/15/2004 0:00,Shipped,Motorcycles,60,10308,S18_2625,1726.7835
698,47,63.22,2971.34,10/15/2004 0:00,Shipped,Motorcycles,76,10308,S24_2000,2852.4864000000002
699,24,79.91,1917.84,10/15/2004 0:00,Shipped,Motorcycles,99,10308,S32_1374,1802.7695999999999
700,46,66.04,3037.84,10/15/2004 0:00,Shipped,Vintage Cars,68,10308,S32_4289,2916.3264
701,47,43.64,2051.08,10/15/2004 0:00,Shipped,Vintage Cars,43,10308,S50_1341,1999.8029999999999
702,24,56.1,1346.4,10/15/2004 0:00,Shipped,Motorcycles,69,10309,S24_2360,1292.544
703,50,84.7,4235.0,10/15/2004 0:00,Shipped,Motorcycles,102,10309,S32_4485,3811.5
704,28,88.68,2483.04,10/15/2004 0:00,Shipped,Motorcycles,81,10309,S50_4713,2334.0575999999996
705,49,81.4,3988.6,10/16/2004 0:00,Shipped,Classic Cars,79,10310,S12_3990,3829.0559999999996
706,20,91.63,1832.6,10/16/2004 0:00,Shipped,Classic Cars,77,10310,S18_1889,1759.2959999999998
707,27,80.41,2171.07,10/16/2004 0:00,Shipped,Classic Cars,80,10310,S18_3278,2084.2272000000003
708,42,67.14,2819.88,10/16/2004 0:00,Shipped,Motorcycles,62,10310,S18_3782,2707.0848
709,33,41.91,1383.03,10/16/2004 0:00,Shipped,Classic Cars,37,10310,S24_2972,1348.45425
710,38,56.94,2163.72,10/16/2004 0:00,Shipped,Classic Cars,61,10310,S24_3371,2077.1711999999998
711,49,97.01,4753.49,10/16/2004 0:00,Shipped,Classic Cars,80,10310,S24_4620,4563.350399999999
712,36,43.05,1549.8,10/16/2004 0:00,Shipped,Motorcycles,40,10310,S32_2206,1511.0549999999998
713,41,81.91,3358.31,10/16/2004 0:00,Shipped,Vintage Cars,92,10311,S18_4409,3156.8113999999996
714,25,66.99,1674.75,10/16/2004 0:00,Shipped,Classic Cars,71,10311,S18_4933,1607.76
715,26,87.45,2273.7,10/16/2004 0:00,Shipped,Classic Cars,73,10311,S24_1046,2182.752
716,45,49.3,2218.5,10/16/2004 0:00,Shipped,Classic Cars,50,10311,S24_1628,2163.0375
717,28,93.6,2620.8,10/16/2004 0:00,Shipped,Classic Cars,90,10311,S24_2766,2463.552
718,25,83.04,2076.0,10/16/2004 0:00,Shipped,Classic Cars,85,10311,S24_3191,1951.4399999999998
719,46,92.09,4236.14,10/16/2004 0:00,Shipped,Classic Cars,107,10311,S24_3432,3812.5260000000003
720,43,89.38,3843.34,10/21/2004 0:00,Shipped,Vintage Cars,102,10312,S18_1342,3459.0060000000003
721,25,44.21,1105.25,10/21/2004 0:00,Shipped,Vintage Cars,53,10312,S18_1367,1077.6187499999999
722,30,61.15,1834.5,10/21/2004 0:00,Shipped,Vintage Cars,60,10312,S18_2248,1788.6375
723,35,53.72,1880.2,10/21/2004 0:00,Shipped,Vintage Cars,62,10312,S18_2957,1804.992
724,39,56.85,2217.15,10/21/2004 0:00,Shipped,Vintage Cars,50,10312,S18_4668,2161.72125
725,39,29.54,1152.06,10/21/2004 0:00,Shipped,Vintage Cars,33,10312,S24_1937,1123.2585
726,23,37.63,865.49,10/21/2004 0:00,Shipped,Vintage Cars,44,10312,S24_2022,843.85275
727,31,35.29,1093.99,10/21/2004 0:00,Shipped,Vintage Cars,41,10312,S24_3969,1066.64025
728,34,52.87,1797.58,10/22/2004 0:00,Shipped,Trucks and Buses,60,10313,S18_2432,1752.6405
729,27,87.64,2366.28,10/22/2004 0:00,Shipped,Trucks and Buses,96,10313,S32_1268,2224.3032000000003
730,38,45.45,1727.1,10/22/2004 0:00,Shipped,Trucks and Buses,54,10313,S32_2509,1683.9225
731,34,56.24,1912.16,10/22/2004 0:00,Shipped,Trucks and Buses,64,10313,S32_3522,1835.6736
732,30,99.13,2973.9,10/22/2004 0:00,Shipped,Classic Cars,101,10313,S700_2824,2676.51
733,44,53.18,2339.92,10/22/2004 0:00,Shipped,Classic Cars,57,10314,S24_1444,2281.422
734,39,37.13,1448.07,10/22/2004 0:00,Shipped,Classic Cars,35,10314,S24_2840,1411.86825
735,24,86.74,2081.76,10/29/2004 0:00,Shipped,Vintage Cars,88,10315,S24_3151,1956.8544000000002
736,47,86.81,4080.07,11/1/2004 0:00,Shipped,Vintage Cars,105,10316,S18_3856,3672.063
737,47,76.93,3615.71,11/1/2004 0:00,Shipped,Vintage Cars,65,10316,S24_3420,3471.0816
738,25,92.25,2306.25,11/1/2004 0:00,Shipped,Vintage Cars,83,10316,S24_3816,2167.875
739,24,59.16,1419.84,11/1/2004 0:00,Shipped,Vintage Cars,68,10316,S32_4289,1363.0464
740,34,47.57,1617.38,11/1/2004 0:00,Shipped,Vintage Cars,43,10316,S50_1341,1576.9455
741,46,94.74,4358.04,11/2/2004 0:00,Shipped,Motorcycles,95,10318,S10_1678,4096.5576
742,42,52.7,2213.4,11/2/2004 0:00,Shipped,Motorcycles,60,10318,S18_2625,2158.065
743,26,86.83,2257.58,11/2/2004 0:00,Shipped,Motorcycles,76,10318,S24_2000,2167.2767999999996
744,46,73.98,3403.08,11/3/2004 0:00,Shipped,Classic Cars,80,10319,S18_3278,3266.9568
745,44,59.06,2598.64,11/3/2004 0:00,Shipped,Motorcycles,62,10319,S18_3782,2494.6944
746,31,81.73,2533.63,11/3/2004 0:00,Shipped,Motorcycles,69,10319,S24_2360,2432.2848
747,43,85.69,3684.67,11/3/2004 0:00,Shipped,Classic Cars,80,10319,S24_4620,3537.2832
748,29,38.22,1108.38,11/3/2004 0:00,Shipped,Motorcycles,40,10319,S32_2206,1080.6705000000002
749,45,77.29,3478.05,11/3/2004 0:00,Shipped,Motorcycles,81,10319,S50_4713,3269.367
750,38,73.42,2789.96,11/3/2004 0:00,Shipped,Classic Cars,79,10320,S12_3990,2678.3615999999997
751,26,61.23,1591.98,11/3/2004 0:00,Shipped,Classic Cars,61,10320,S24_3371,1528.3008
752,37,78.54,2905.98,11/4/2004 0:00,Shipped,Classic Cars,77,10321,S18_1889,2789.7408
753,30,70.55,2116.5,11/4/2004 0:00,Shipped,Classic Cars,73,10321,S24_1046,2031.84
754,48,42.26,2028.48,11/4/2004 0:00,Shipped,Classic Cars,50,10321,S24_1628,1977.768
755,30,72.7,2181.0,11/4/2004 0:00,Shipped,Classic Cars,90,10321,S24_2766,2050.14
756,37,33.23,1229.51,11/4/2004 0:00,Shipped,Classic Cars,37,10321,S24_2972,1198.77225
757,39,84.75,3305.25,11/4/2004 0:00,Shipped,Classic Cars,85,10321,S24_3191,3106.935
758,21,89.95,1888.95,11/4/2004 0:00,Shipped,Classic Cars,107,10321,S24_3432,1700.055
759,46,61.99,2851.54,11/4/2004 0:00,Shipped,Classic Cars,147,10322,S10_4962,2566.386
760,43,86.3,3710.9,11/4/2004 0:00,Shipped,Vintage Cars,102,10322,S18_1342,3339.81
761,41,57.68,2364.88,11/4/2004 0:00,Shipped,Vintage Cars,53,10322,S18_1367,2305.7580000000003
762,35,61.21,2142.35,11/4/2004 0:00,Shipped,Trucks and Buses,60,10322,S18_2432,2088.7912499999998
763,41,29.87,1224.67,11/4/2004 0:00,Shipped,Vintage Cars,62,10322,S18_2957,1175.6832
764,48,47.04,2257.92,11/4/2004 0:00,Shipped,Vintage Cars,104,10322,S18_3136,2032.1280000000002
765,33,91.27,3011.91,11/5/2004 0:00,Shipped,Vintage Cars,99,10323,S18_3320,2831.1953999999996
766,27,54.33,1466.91,11/5/2004 0:00,Shipped,Classic Cars,151,10324,S12_3148,1320.219
767,26,58.38,1517.88,11/5/2004 0:00,Shipped,Trucks and Buses,118,10324,S12_4473,1366.092
768,33,37.48,1236.84,11/5/2004 0:00,Shipped,Trucks and Buses,122,10324,S18_2319,1113.156
769,25,69.16,1729.0,11/5/2004 0:00,Shipped,Classic Cars,57,10324,S24_1444,1685.7749999999999
770,20,98.18,1963.6,11/5/2004 0:00,Shipped,Trucks and Buses,96,10324,S32_1268,1845.7839999999999
771,47,64.93,3051.71,11/5/2004 0:00,Shipped,Classic Cars,136,10325,S10_4757,2746.539
772,42,64.0,2688.0,11/5/2004 0:00,Shipped,Classic Cars,207,10325,S12_1108,2419.2000000000003
773,24,69.12,1658.88,11/5/2004 0:00,Shipped,Vintage Cars,136,10325,S18_3140,1492.9920000000002
774,50,86.01,4300.5,11/9/2004 0:00,Shipped,Vintage Cars,87,10326,S18_4522,4042.47
775,41,85.85,3519.85,11/9/2004 0:00,Shipped,Vintage Cars,88,10326,S24_3151,3308.6589999999997
776,20,92.25,1845.0,11/9/2004 0:00,Shipped,Vintage Cars,83,10326,S24_3816,1734.3
777,20,72.98,1459.6,11/12/2004 0:00,Shipped,Vintage Cars,65,10328,S24_3420,1401.216
778,24,81.17,1948.08,11/12/2004 0:00,Shipped,Vintage Cars,68,10328,S32_4289,1870.1567999999997
779,34,51.93,1765.62,11/12/2004 0:00,Shipped,Vintage Cars,43,10328,S50_1341,1721.4795
780,41,71.47,2930.27,11/15/2004 0:00,Shipped,Classic Cars,194,10329,S12_1099,2637.243
781,46,83.63,3846.98,11/15/2004 0:00,Shipped,Classic Cars,117,10329,S12_3380,3462.282
782,39,64.74,2524.86,11/15/2004 0:00,Shipped,Classic Cars,115,10329,S12_4675,2272.3740000000003
783,38,59.1,2245.8,11/15/2004 0:00,Shipped,Classic Cars,80,10329,S18_3278,2155.9680000000003
784,30,87.78,2633.4,11/15/2004 0:00,Shipped,Motorcycles,112,10329,S24_1578,2370.06
785,37,94.43,3493.91,11/15/2004 0:00,Shipped,Motorcycles,76,10329,S24_2000,3354.1535999999996
786,45,63.91,2875.95,11/15/2004 0:00,Shipped,Motorcycles,99,10329,S32_1374,2703.3929999999996
787,29,69.63,2019.27,11/16/2004 0:00,Shipped,Motorcycles,62,10330,S18_3782,1938.4992
788,42,81.03,3403.26,11/16/2004 0:00,Shipped,Motorcycles,69,10330,S24_2360,3267.1296
789,44,74.04,3257.76,11/17/2004 0:00,Shipped,Vintage Cars,170,10331,S18_1749,2931.9840000000004
790,30,32.47,974.1,11/17/2004 0:00,Shipped,Classic Cars,142,10331,S18_1984,876.69
791,26,64.9,1687.4,11/17/2004 0:00,Shipped,Classic Cars,132,10331,S18_2870,1518.66
792,26,67.91,1765.66,11/17/2004 0:00,Shipped,Classic Cars,141,10331,S18_3685,1589.094
793,27,42.24,1140.48,11/17/2004 0:00,Shipped,Classic Cars,37,10331,S24_2972,1111.968
794,46,95.13,4375.98,11/17/2004 0:00,Shipped,Vintage Cars,102,10332,S18_1342,3938.3819999999996
795,27,89.89,2427.03,11/17/2004 0:00,Shipped,Vintage Cars,53,10332,S18_1367,2366.3542500000003
796,38,84.25,3201.5,11/17/2004 0:00,Shipped,Vintage Cars,60,10332,S18_2248,3121.4625
797,35,64.69,2264.15,11/17/2004 0:00,Shipped,Vintage Cars,127,10332,S18_2325,2037.7350000000001
798,24,52.67,1264.08,11/17/2004 0:00,Shipped,Vintage Cars,168,10332,S18_2795,1137.672
799,40,39.8,1592.0,11/17/2004 0:00,Shipped,Vintage Cars,104,10332,S18_3136,1432.8
800,23,56.84,1307.32,11/17/2004 0:00,Shipped,Classic Cars,73,10332,S24_1046,1255.0272
801,20,87.96,1759.2,11/17/2004 0:00,Shipped,Classic Cars,50,10332,S24_1628,1715.22
802,45,81.91,3685.95,11/17/2004 0:00,Shipped,Vintage Cars,33,10332,S24_1937,3593.8012499999995
803,26,85.52,2223.52,11/17/2004 0:00,Shipped,Vintage Cars,44,10332,S24_2022,2167.932
804,39,86.72,3382.08,11/17/2004 0:00,Shipped,Classic Cars,90,10332,S24_2766,3179.1551999999997
805,44,42.26,1859.44,11/17/2004 0:00,Shipped,Classic Cars,117,10332,S24_2887,1673.496
806,45,34.19,1538.55,11/17/2004 0:00,Shipped,Classic Cars,85,10332,S24_3191,1446.2369999999999
807,31,37.18,1152.58,11/17/2004 0:00,Shipped,Classic Cars,107,10332,S24_3432,1037.322
808,41,77.24,3166.84,11/17/2004 0:00,Shipped,Vintage Cars,41,10332,S24_3969,3087.669
809,33,99.21,3273.93,11/18/2004 0:00,Shipped,Trucks and Buses,136,10333,S12_1666,2946.537
810,29,40.25,1167.25,11/18/2004 0:00,Shipped,Trucks and Buses,116,10333,S18_1097,1050.525
811,31,90.17,2795.27,11/18/2004 0:00,Shipped,Vintage Cars,101,10333,S18_2949,2515.743
812,24,79.86,1916.64,11/18/2004 0:00,Shipped,Vintage Cars,50,10333,S18_4668,1868.7240000000002
813,33,73.69,2431.77,11/18/2004 0:00,Shipped,Trucks and Buses,64,10333,S32_3522,2334.4991999999997
814,34,61.38,2086.92,11/19/2004 0:00,On Hold,Trucks and Buses,60,10334,S18_2432,2034.747
815,33,37.13,1225.29,11/19/2004 0:00,Shipped,Classic Cars,35,10335,S24_2840,1194.6577499999999
816,40,60.6,2424.0,11/19/2004 0:00,Shipped,Trucks and Buses,54,10335,S32_2509,2363.4
817,33,57.22,1888.26,11/20/2004 0:00,Shipped,Classic Cars,207,10336,S12_1108,1699.434
818,49,63.38,3105.62,11/20/2004 0:00,Shipped,Classic Cars,173,10336,S12_3891,2795.058
819,25,48.05,1201.25,11/21/2004 0:00,Shipped,Classic Cars,136,10337,S10_4757,1081.125
820,40,68.92,2756.8,11/23/2004 0:00,Shipped,Motorcycles,118,10339,S10_2016,2481.1200000000003
821,39,76.67,2990.13,11/23/2004 0:00,Shipped,Motorcycles,193,10339,S10_4698,2691.117
822,30,62.16,1864.8,11/23/2004 0:00,Shipped,Motorcycles,60,10339,S18_2625,1818.1799999999998
823,27,84.39,2278.53,11/23/2004 0:00,Shipped,Motorcycles,112,10339,S24_1578,2050.677
824,29,99.69,2891.01,11/23/2004 0:00,Shipped,Vintage Cars,65,10339,S24_3420,2775.3696
825,42,59.36,2493.12,11/23/2004 0:00,Shipped,Vintage Cars,83,10339,S24_3816,2343.5328
826,55,79.98,4398.9,11/24/2004 0:00,Shipped,Motorcycles,76,10340,S24_2000,4222.9439999999995
827,39,59.16,2307.24,11/24/2004 0:00,Shipped,Vintage Cars,68,10340,S32_4289,2214.9503999999997
828,40,50.62,2024.8,11/24/2004 0:00,Shipped,Vintage Cars,43,10340,S50_1341,1974.1799999999998
829,45,79.65,3584.25,11/24/2004 0:00,Shipped,Classic Cars,194,10341,S12_1099,3225.8250000000003
830,44,95.93,4220.92,11/24/2004 0:00,Shipped,Classic Cars,117,10341,S12_3380,3798.828
831,36,93.56,3368.16,11/24/2004 0:00,Shipped,Classic Cars,79,10341,S12_3990,3233.4336
832,55,75.2,4136.0,11/24/2004 0:00,Shipped,Classic Cars,115,10341,S12_4675,3722.4
833,31,71.02,2201.62,11/24/2004 0:00,Shipped,Motorcycles,102,10341,S32_4485,1981.4579999999999
834,55,65.45,3599.75,11/24/2004 0:00,Shipped,Classic Cars,77,10342,S18_1889,3455.7599999999998
835,25,66.74,1668.5,11/24/2004 0:00,Shipped,Classic Cars,80,10342,S18_3278,1601.76
836,26,55.95,1454.7,11/24/2004 0:00,Shipped,Motorcycles,62,10342,S18_3782,1396.512
837,39,40.4,1575.6,11/24/2004 0:00,Shipped,Classic Cars,37,10342,S24_2972,1536.2099999999998
838,48,62.45,2997.6,11/24/2004 0:00,Shipped,Classic Cars,61,10342,S24_3371,2877.696
839,25,52.32,1308.0,11/24/2004 0:00,Shipped,Classic Cars,132,10343,S18_2870,1177.2
840,44,84.88,3734.72,11/24/2004 0:00,Shipped,Classic Cars,141,10343,S18_3685,3361.248
841,27,36.21,977.67,11/24/2004 0:00,Shipped,Classic Cars,50,10343,S24_1628,953.2282499999999
842,40,56.91,2276.4,11/25/2004 0:00,Shipped,Vintage Cars,60,10344,S18_2248,2219.4900000000002
843,26,63.43,1649.18,11/25/2004 0:00,Shipped,Classic Cars,71,10344,S18_4933,1583.2128
844,29,59.53,1726.37,11/25/2004 0:00,Shipped,Classic Cars,73,10344,S24_1046,1657.3151999999998
845,20,35.18,703.6,11/25/2004 0:00,Shipped,Vintage Cars,33,10344,S24_1937,686.01
846,43,53.76,2311.68,11/25/2004 0:00,Shipped,Vintage Cars,44,10345,S24_2022,2253.888
847,42,36.11,1516.62,11/29/2004 0:00,Shipped,Vintage Cars,102,10346,S18_1342,1364.9579999999999
848,24,87.24,2093.76,11/29/2004 0:00,Shipped,Classic Cars,117,10346,S24_2887,1884.3840000000002
849,26,95.88,2492.88,11/29/2004 0:00,Shipped,Classic Cars,107,10346,S24_3432,2243.592
850,22,97.44,2143.68,11/29/2004 0:00,Shipped,Vintage Cars,41,10346,S24_3969,2090.0879999999997
851,42,49.6,2083.2,11/29/2004 0:00,Shipped,Trucks and Buses,116,10347,S18_1097,1874.8799999999999
852,21,58.95,1237.95,11/29/2004 0:00,Shipped,Vintage Cars,53,10347,S18_1367,1207.00125
853,34,64.96,2208.64,11/29/2004 0:00,Shipped,Vintage Cars,62,10347,S18_2957,2120.2943999999998
854,48,52.36,2513.28,11/1/2004 0:00,Shipped,Classic Cars,207,10348,S12_1108,2261.952
855,39,50.31,1962.09,11/1/2004 0:00,Shipped,Vintage Cars,97,10348,S24_4258,1844.3645999999999
856,32,82.83,2650.56,11/1/2004 0:00,Shipped,Classic Cars,101,10348,S700_2824,2385.504
857,48,47.4,2275.2,12/1/2004 0:00,Shipped,Classic Cars,57,10349,S24_1444,2218.3199999999997
858,36,37.13,1336.68,12/1/2004 0:00,Shipped,Classic Cars,35,10349,S24_2840,1303.263
859,33,46.53,1535.49,12/1/2004 0:00,Shipped,Trucks and Buses,54,10349,S32_2509,1497.10275
860,26,75.47,1962.22,12/2/2004 0:00,Shipped,Classic Cars,136,10350,S10_4757,1765.998
861,25,60.34,1508.5,12/2/2004 0:00,Shipped,Vintage Cars,83,10350,S24_3816,1417.99
862,31,71.4,2213.4,12/2/2004 0:00,Shipped,Trucks and Buses,115,10350,S50_1392,1992.0600000000002
863,38,68.38,2598.44,12/3/2004 0:00,Shipped,Vintage Cars,65,10351,S24_3420,2494.5024
864,46,81.17,3733.82,12/4/2004 0:00,Shipped,Motorcycles,99,10353,S32_1374,3509.7907999999998
865,40,44.51,1780.4,12/4/2004 0:00,Shipped,Vintage Cars,68,10353,S32_4289,1709.184
866,40,82.21,3288.4,12/4/2004 0:00,Shipped,Vintage Cars,43,10353,S50_1341,3206.19
867,31,53.47,1657.57,12/7/2004 0:00,Shipped,Motorcycles,62,10355,S18_3782,1591.2671999999998
868,41,70.65,2896.65,12/7/2004 0:00,Shipped,Motorcycles,69,10355,S24_2360,2780.784
869,36,38.52,1386.72,12/7/2004 0:00,Shipped,Classic Cars,37,10355,S24_2972,1352.052
870,44,62.45,2747.8,12/7/2004 0:00,Shipped,Classic Cars,61,10355,S24_3371,2637.888
871,28,95.39,2670.92,12/7/2004 0:00,Shipped,Classic Cars,80,10355,S24_4620,2564.0832
872,38,39.83,1513.54,12/7/2004 0:00,Shipped,Motorcycles,40,10355,S32_2206,1475.7015
873,43,97.6,4196.8,12/9/2004 0:00,Shipped,Classic Cars,141,10356,S18_1129,3777.1200000000003
874,50,50.18,2509.0,12/9/2004 0:00,Shipped,Vintage Cars,102,10356,S18_1342,2258.1
875,22,72.41,1593.02,12/9/2004 0:00,Shipped,Vintage Cars,53,10356,S18_1367,1553.1944999999998
876,27,64.69,1746.63,12/9/2004 0:00,Shipped,Classic Cars,142,10356,S18_1984,1571.967
877,26,31.86,828.36,12/9/2004 0:00,Shipped,Vintage Cars,44,10356,S24_2022,807.651
878,39,98.0,3822.0,12/10/2004 0:00,Shipped,Trucks and Buses,116,10357,S18_1097,3439.8
879,41,61.99,2541.59,12/10/2004 0:00,Shipped,Trucks and Buses,60,10357,S18_2432,2478.0502500000002
880,41,87.13,3572.33,12/10/2004 0:00,Shipped,Vintage Cars,101,10357,S18_2949,3215.097
881,49,70.58,3458.42,12/10/2004 0:00,Shipped,Vintage Cars,62,10357,S18_2957,3320.0832
882,49,55.34,2711.66,12/10/2004 0:00,Shipped,Classic Cars,151,10358,S12_3148,2440.494
883,42,64.16,2694.72,12/10/2004 0:00,Shipped,Trucks and Buses,118,10358,S12_4473,2425.248
884,20,36.42,728.4,12/10/2004 0:00,Shipped,Trucks and Buses,122,10358,S18_2319,655.56
885,32,93.49,2991.68,12/10/2004 0:00,Shipped,Classic Cars,169,10358,S18_3232,2692.5119999999997
886,44,60.76,2673.44,12/10/2004 0:00,Shipped,Classic Cars,57,10358,S24_1444,2606.604
887,36,82.94,2985.84,12/10/2004 0:00,Shipped,Classic Cars,35,10358,S24_2840,2911.194
888,48,54.68,2624.64,12/15/2004 0:00,Shipped,Classic Cars,136,10359,S10_4757,2362.176
889,49,62.09,3042.41,12/15/2004 0:00,Shipped,Classic Cars,173,10359,S12_3891,2738.169
890,20,72.55,1451.0,12/17/2004 0:00,Shipped,Motorcycles,95,10361,S10_1678,1363.9399999999998
891,26,51.15,1329.9,12/17/2004 0:00,Shipped,Motorcycles,118,10361,S10_2016,1196.91
892,49,72.33,3544.17,12/17/2004 0:00,Shipped,Vintage Cars,68,10361,S32_4289,3402.4031999999997
893,33,82.59,2725.47,12/17/2004 0:00,Shipped,Vintage Cars,43,10361,S50_1341,2657.3332499999997
894,23,49.67,1142.41,1/5/2005 0:00,Shipped,Motorcycles,60,10362,S18_2625,1113.84975
895,50,96.92,4846.0,1/5/2005 0:00,Shipped,Motorcycles,112,10362,S24_1578,4361.400000000001
896,33,85.39,2817.87,1/6/2005 0:00,Shipped,Classic Cars,194,10363,S12_1099,2536.083
897,34,96.73,3288.82,1/6/2005 0:00,Shipped,Classic Cars,117,10363,S12_3380,2959.938
898,34,81.62,2775.08,1/6/2005 0:00,Shipped,Classic Cars,79,10363,S12_3990,2664.0768
899,46,88.45,4068.7,1/6/2005 0:00,Shipped,Classic Cars,115,10363,S12_4675,3661.83
900,46,60.3,2773.8,1/6/2005 0:00,Shipped,Classic Cars,80,10363,S18_3278,2662.848
901,32,89.12,2851.84,1/6/2005 0:00,Shipped,Motorcycles,62,10363,S18_3782,2737.7664
902,28,58.18,1629.04,1/6/2005 0:00,Shipped,Classic Cars,148,10363,S18_4721,1466.136
903,43,61.23,2632.89,1/6/2005 0:00,Shipped,Motorcycles,69,10363,S24_2360,2527.5744
904,31,94.58,2931.98,1/6/2005 0:00,Shipped,Classic Cars,140,10363,S24_3856,2638.782
905,48,48.28,2317.44,1/6/2005 0:00,Shipped,Motorcycles,40,10364,S32_2206,2259.504
906,30,87.06,2611.8,1/7/2005 0:00,Shipped,Classic Cars,141,10365,S18_1129,2350.6200000000003
907,49,56.3,2758.7,1/12/2005 0:00,Resolved,Classic Cars,124,10367,S18_1589,2482.83
908,32,94.79,3033.28,1/12/2005 0:00,Resolved,Vintage Cars,168,10367,S18_2795,2729.952
909,43,62.72,2696.96,1/12/2005 0:00,Resolved,Vintage Cars,92,10367,S18_4409,2535.1423999999997
910,44,85.25,3751.0,1/12/2005 0:00,Resolved,Classic Cars,71,10367,S18_4933,3600.96
911,21,60.37,1267.77,1/12/2005 0:00,Resolved,Classic Cars,73,10367,S24_1046,1217.0592
912,38,38.5,1463.0,1/12/2005 0:00,Resolved,Classic Cars,50,10367,S24_1628,1426.425
913,23,36.29,834.67,1/12/2005 0:00,Resolved,Vintage Cars,33,10367,S24_1937,813.8032499999999
914,28,30.59,856.52,1/12/2005 0:00,Resolved,Vintage Cars,44,10367,S24_2022,835.107
915,46,79.62,3662.52,1/19/2005 0:00,Shipped,Classic Cars,85,10368,S24_3191,3442.7688
916,20,99.58,1991.6,1/19/2005 0:00,Shipped,Classic Cars,107,10368,S24_3432,1792.44
917,46,37.34,1717.64,1/19/2005 0:00,Shipped,Vintage Cars,41,10368,S24_3969,1674.699
918,32,98.63,3156.16,1/20/2005 0:00,Shipped,Vintage Cars,53,10369,S18_1367,3077.256
919,28,44.21,1237.88,1/20/2005 0:00,Shipped,Vintage Cars,62,10369,S18_2957,1188.3648
920,21,94.22,1978.62,1/20/2005 0:00,Shipped,Vintage Cars,104,10369,S18_3136,1780.758
921,45,73.08,3288.6,1/20/2005 0:00,Shipped,Vintage Cars,99,10369,S18_3320,3091.2839999999997
922,40,86.92,3476.8,1/20/2005 0:00,Shipped,Vintage Cars,97,10369,S24_4258,3268.192
923,35,65.63,2297.05,1/20/2005 0:00,Shipped,Classic Cars,147,10370,S10_4962,2067.3450000000003
924,22,96.86,2130.92,1/20/2005 0:00,Shipped,Trucks and Buses,60,10370,S18_2432,2077.647
925,27,56.85,1534.95,1/20/2005 0:00,Shipped,Classic Cars,169,10370,S18_3232,1381.4550000000002
926,29,57.53,1668.37,1/20/2005 0:00,Shipped,Trucks and Buses,121,10370,S18_4600,1501.533
927,49,35.71,1749.79,1/23/2005 0:00,Shipped,Trucks and Buses,118,10371,S12_4473,1574.811
928,25,97.27,2431.75,1/23/2005 0:00,Shipped,Classic Cars,57,10371,S24_1444,2370.9562499999997
929,28,50.32,1408.96,1/23/2005 0:00,Shipped,Classic Cars,118,10371,S24_4048,1268.064
930,20,66.47,1329.4,1/23/2005 0:00,Shipped,Trucks and Buses,54,10371,S32_2509,1296.165
931,48,56.55,2714.4,1/23/2005 0:00,Shipped,Trucks and Buses,115,10371,S50_1392,2442.96
932,41,86.89,3562.49,1/26/2005 0:00,Shipped,Vintage Cars,87,10372,S18_4522,3348.7405999999996
933,50,60.49,3024.5,1/31/2005 0:00,Shipped,Vintage Cars,105,10373,S18_3856,2722.05
934,33,57.32,1891.56,1/31/2005 0:00,Shipped,Vintage Cars,88,10373,S24_3151,1778.0664
935,46,66.0,3036.0,1/31/2005 0:00,Shipped,Vintage Cars,65,10373,S24_3420,2914.56
936,22,53.3,1172.6,2/2/2005 0:00,Shipped,Motorcycles,60,10374,S18_2625,1143.2849999999999
937,21,34.91,733.11,2/3/2005 0:00,Shipped,Motorcycles,95,10375,S10_1678,689.1234
938,45,76.0,3420.0,2/3/2005 0:00,Shipped,Classic Cars,194,10375,S12_1099,3078.0
939,49,78.92,3867.08,2/3/2005 0:00,Shipped,Motorcycles,150,10375,S12_2823,3480.372
940,44,82.26,3619.44,2/3/2005 0:00,Shipped,Vintage Cars,68,10375,S32_4289,3474.6623999999997
941,49,65.8,3224.2,2/3/2005 0:00,Shipped,Vintage Cars,43,10375,S50_1341,3143.595
942,24,67.83,1627.92,2/9/2005 0:00,Shipped,Classic Cars,79,10377,S12_3990,1562.8032
943,31,67.76,2100.56,2/9/2005 0:00,Shipped,Classic Cars,77,10377,S18_1889,2016.5375999999999
944,34,42.64,1449.76,2/10/2005 0:00,Shipped,Classic Cars,124,10378,S18_1589,1304.784
945,43,96.49,4149.07,2/10/2005 0:00,Shipped,Classic Cars,146,10378,S18_3482,3734.163
946,49,67.14,3289.86,2/10/2005 0:00,Shipped,Classic Cars,148,10378,S18_4721,2960.8740000000003
947,46,41.54,1910.84,2/10/2005 0:00,Shipped,Classic Cars,61,10378,S24_3371,1834.4063999999998
948,33,53.27,1757.91,2/10/2005 0:00,Shipped,Classic Cars,140,10378,S24_3856,1582.1190000000001
949,40,82.46,3298.4,2/10/2005 0:00,Shipped,Motorcycles,40,10378,S32_2206,3215.94
950,27,49.3,1331.1,2/10/2005 0:00,Shipped,Vintage Cars,60,10379,S18_2248,1297.8225
951,32,70.83,2266.56,2/10/2005 0:00,Shipped,Classic Cars,141,10379,S18_3685,2039.904
952,27,93.16,2515.32,2/16/2005 0:00,Shipped,Vintage Cars,102,10380,S18_1342,2263.788
953,21,47.18,990.78,2/16/2005 0:00,Shipped,Vintage Cars,168,10380,S18_2795,891.702
954,32,70.56,2257.92,2/16/2005 0:00,Shipped,Vintage Cars,33,10380,S24_1937,2201.472
955,27,68.35,1845.45,2/16/2005 0:00,Shipped,Vintage Cars,44,10380,S24_2022,1799.31375
956,36,37.5,1350.0,2/16/2005 0:00,Shipped,Classic Cars,90,10380,S24_2766,1269.0
957,44,36.29,1596.76,2/16/2005 0:00,Shipped,Classic Cars,117,10380,S24_2887,1437.084
958,44,79.06,3478.64,2/16/2005 0:00,Shipped,Classic Cars,85,10380,S24_3191,3269.9215999999997
959,43,95.03,4086.29,2/16/2005 0:00,Shipped,Vintage Cars,41,10380,S24_3969,3984.1327499999998
960,48,98.0,4704.0,2/17/2005 0:00,Shipped,Trucks and Buses,116,10381,S18_1097,4233.6
961,25,52.83,1320.75,2/17/2005 0:00,Shipped,Vintage Cars,53,10381,S18_1367,1287.73125
962,35,48.62,1701.7,2/17/2005 0:00,Shipped,Trucks and Buses,60,10381,S18_2432,1659.1575
963,40,68.08,2723.2,2/17/2005 0:00,Shipped,Vintage Cars,62,10381,S18_2957,2614.272
964,34,95.35,3241.9,2/17/2005 0:00,Shipped,Classic Cars,173,10382,S12_3891,2917.71
965,32,66.58,2130.56,2/17/2005 0:00,Shipped,Trucks and Buses,118,10382,S12_4473,1917.504
966,25,88.0,2200.0,2/17/2005 0:00,Shipped,Classic Cars,163,10382,S18_2238,1980.0
967,34,54.84,1864.56,2/17/2005 0:00,Shipped,Classic Cars,101,10382,S700_2824,1678.104
968,24,61.52,1476.48,2/22/2005 0:00,Shipped,Vintage Cars,136,10383,S18_3140,1328.832
969,28,58.58,1640.24,2/22/2005 0:00,Shipped,Vintage Cars,87,10383,S18_4522,1541.8256
970,22,91.76,2018.72,2/22/2005 0:00,Shipped,Classic Cars,57,10383,S24_1444,1968.252
971,21,93.91,1972.11,2/22/2005 0:00,Shipped,Classic Cars,118,10383,S24_4048,1774.899
972,32,53.18,1701.76,2/22/2005 0:00,Shipped,Trucks and Buses,54,10383,S32_2509,1659.216
973,43,97.87,4208.41,2/23/2005 0:00,Shipped,Vintage Cars,88,10384,S24_3151,3955.9053999999996
974,37,85.54,3164.98,2/28/2005 0:00,Shipped,Vintage Cars,83,10385,S24_3816,2975.0811999999996
975,22,57.55,1266.1,3/1/2005 0:00,Resolved,Vintage Cars,105,10386,S18_3856,1139.49
976,35,63.76,2231.6,3/1/2005 0:00,Resolved,Vintage Cars,65,10386,S24_3420,2142.336
977,44,94.9,4175.6,3/2/2005 0:00,Shipped,Motorcycles,99,10387,S32_1374,3925.0640000000003
978,42,76.36,3207.12,3/3/2005 0:00,Shipped,Motorcycles,95,10388,S10_1678,3014.6928
979,50,44.51,2225.5,3/3/2005 0:00,Shipped,Motorcycles,118,10388,S10_2016,2002.95
980,21,86.77,1822.17,3/3/2005 0:00,Shipped,Motorcycles,193,10388,S10_4698,1639.9530000000002
981,26,99.04,2575.04,3/3/2005 0:00,Shipped,Classic Cars,194,10389,S12_1099,2317.536
982,25,72.38,1809.5,3/3/2005 0:00,Shipped,Classic Cars,117,10389,S12_3380,1628.55
983,36,70.26,2529.36,3/3/2005 0:00,Shipped,Classic Cars,79,10389,S12_3990,2428.1856000000002
984,49,79.22,3881.78,3/3/2005 0:00,Shipped,Classic Cars,77,10389,S18_1889,3726.5088
985,49,81.4,3988.6,3/3/2005 0:00,Shipped,Motorcycles,76,10389,S24_2000,3829.0559999999996
986,36,93.77,3375.72,3/4/2005 0:00,Shipped,Classic Cars,141,10390,S18_1129,3038.1479999999997
987,34,43.05,1463.7,3/4/2005 0:00,Shipped,Classic Cars,142,10390,S18_1984,1317.3300000000002
988,31,98.99,3068.69,3/4/2005 0:00,Shipped,Vintage Cars,127,10390,S18_2325,2761.821
989,26,78.11,2030.86,3/4/2005 0:00,Shipped,Vintage Cars,168,10390,S18_2795,1827.774
990,35,65.13,2279.55,3/4/2005 0:00,Shipped,Motorcycles,69,10390,S24_2360,2188.368
991,46,52.84,2430.64,3/4/2005 0:00,Shipped,Classic Cars,61,10390,S24_3371,2333.4143999999997
992,30,82.42,2472.6,3/4/2005 0:00,Shipped,Classic Cars,80,10390,S24_4620,2373.696
993,41,44.56,1826.96,3/4/2005 0:00,Shipped,Motorcycles,40,10390,S32_2206,1781.286
994,45,48.98,2204.1,3/4/2005 0:00,Shipped,Motorcycles,102,10390,S32_4485,1983.69
995,37,46.9,1735.3,3/9/2005 0:00,Shipped,Classic Cars,147,10391,S10_4962,1561.77
996,39,63.2,2464.8,3/9/2005 0:00,Shipped,Trucks and Buses,136,10391,S12_1666,2218.32
997,29,85.1,2467.9,3/9/2005 0:00,Shipped,Trucks and Buses,116,10391,S18_1097,2221.11
998,44,38.5,1694.0,3/9/2005 0:00,Shipped,Trucks and Buses,60,10391,S18_2432,1651.6499999999999
999,32,45.25,1448.0,3/9/2005 0:00,Shipped,Vintage Cars,101,10391,S18_2949,1303.2
1000,37,59.96,2218.52,3/10/2005 0:00,Shipped,Vintage Cars,62,10392,S18_2957,2129.7792
1001,29,86.92,2520.68,3/10/2005 0:00,Shipped,Vintage Cars,104,10392,S18_3136,2268.612
1002,31,50.29,1558.99,3/15/2005 0:00,Shipped,Classic Cars,57,10394,S24_1444,1520.01525
1003,46,38.9,1789.4,3/15/2005 0:00,Shipped,Classic Cars,35,10394,S24_2840,1744.665
1004,36,62.77,2259.72,3/15/2005 0:00,Shipped,Trucks and Buses,54,10394,S32_2509,2203.227
1005,33,69.12,2280.96,3/17/2005 0:00,Shipped,Classic Cars,207,10395,S12_1108,2052.864
1006,27,83.2,2246.4,3/23/2005 0:00,Shipped,Vintage Cars,88,10396,S24_3151,2111.616
1007,37,90.57,3351.09,3/23/2005 0:00,Shipped,Vintage Cars,83,10396,S24_3816,3150.0245999999997
1008,34,71.67,2436.78,3/30/2005 0:00,Shipped,Vintage Cars,65,10398,S24_3420,2339.3088000000002
1009,22,67.41,1483.02,3/30/2005 0:00,Shipped,Vintage Cars,68,10398,S32_4289,1423.6992
1010,49,36.66,1796.34,3/30/2005 0:00,Shipped,Vintage Cars,43,10398,S50_1341,1751.4315
1011,38,57.2,2173.6,4/1/2005 0:00,Shipped,Vintage Cars,65,10400,S24_3420,2086.656
1012,42,72.96,3064.32,4/1/2005 0:00,Shipped,Vintage Cars,83,10400,S24_3816,2880.4608
1013,62,77.73,4819.26,4/3/2005 0:00,On Hold,Vintage Cars,68,10401,S32_4289,4626.4896
1014,56,35.35,1979.6,4/3/2005 0:00,On Hold,Vintage Cars,43,10401,S50_1341,1930.11
1015,55,55.72,3064.6,4/7/2005 0:00,Shipped,Motorcycles,60,10402,S18_2625,2987.9849999999997
1016,59,87.6,5168.4,4/7/2005 0:00,Shipped,Motorcycles,76,10402,S24_2000,4961.664
1017,36,52.22,1879.92,4/8/2005 0:00,Shipped,Motorcycles,62,10403,S18_3782,1804.7232
1018,27,79.65,2150.55,4/8/2005 0:00,Shipped,Motorcycles,69,10403,S24_2360,2064.5280000000002
1019,30,40.23,1206.9,4/8/2005 0:00,Shipped,Motorcycles,40,10403,S32_2206,1176.7275
1020,31,68.34,2118.54,4/8/2005 0:00,Shipped,Motorcycles,81,10403,S50_4713,1991.4275999999998
1021,97,93.28,9048.16,4/14/2005 0:00,Shipped,Classic Cars,115,10405,S12_4675,8143.344
1022,61,73.92,4509.12,4/14/2005 0:00,Shipped,Classic Cars,77,10405,S18_1889,4328.7552
1023,47,44.56,2094.32,4/14/2005 0:00,Shipped,Classic Cars,37,10405,S24_2972,2041.9620000000002
1024,42,72.65,3051.3,4/22/2005 0:00,On Hold,Vintage Cars,60,10407,S18_2248,2975.0175
1025,6,90.19,541.14,4/22/2005 0:00,On Hold,Vintage Cars,92,10407,S18_4409,508.67159999999996
1026,66,66.99,4421.34,4/22/2005 0:00,On Hold,Classic Cars,71,10407,S18_4933,4244.4864
1027,26,76.43,1987.18,4/22/2005 0:00,On Hold,Classic Cars,73,10407,S24_1046,1907.6928
1028,64,40.25,2576.0,4/22/2005 0:00,On Hold,Classic Cars,50,10407,S24_1628,2511.6
1029,76,94.5,7182.0,4/22/2005 0:00,On Hold,Classic Cars,90,10407,S24_2766,6751.08
1030,59,98.65,5820.35,4/22/2005 0:00,On Hold,Classic Cars,117,10407,S24_2887,5238.3150000000005
1031,13,81.33,1057.29,4/22/2005 0:00,On Hold,Classic Cars,85,10407,S24_3191,993.8525999999999
1032,43,86.73,3729.39,4/22/2005 0:00,On Hold,Classic Cars,107,10407,S24_3432,3356.451
1033,15,36.93,553.95,4/22/2005 0:00,Shipped,Vintage Cars,41,10408,S24_3969,540.10125
1034,61,29.54,1801.94,4/23/2005 0:00,Shipped,Vintage Cars,33,10409,S24_1937,1756.8915
1035,35,59.87,2095.45,5/1/2005 0:00,Shipped,Vintage Cars,50,10411,S18_4668,2043.0637499999998
1036,27,69.16,1867.32,5/1/2005 0:00,Shipped,Trucks and Buses,64,10411,S32_3522,1792.6272
1037,56,98.18,5498.08,5/3/2005 0:00,Shipped,Trucks and Buses,122,10412,S18_2319,4948.272
1038,47,61.99,2913.53,5/3/2005 0:00,Shipped,Trucks and Buses,60,10412,S18_2432,2840.69175
1039,21,52.6,1104.6,5/3/2005 0:00,Shipped,Classic Cars,57,10412,S24_1444,1076.985
1040,30,36.07,1082.1,5/3/2005 0:00,Shipped,Classic Cars,35,10412,S24_2840,1055.0475
1041,19,48.7,925.3,5/3/2005 0:00,Shipped,Trucks and Buses,54,10412,S32_2509,902.1674999999999
1042,16,75.48,1207.68,5/6/2005 0:00,On Hold,Vintage Cars,87,10414,S18_4522,1135.2192
1043,51,76.31,3891.81,5/6/2005 0:00,On Hold,Vintage Cars,83,10414,S24_3816,3658.3014
1044,18,69.7,1254.6,5/9/2005 0:00,Disputed,Vintage Cars,65,10415,S24_3420,1204.416
1045,32,87.6,2803.2,5/10/2005 0:00,Shipped,Motorcycles,76,10416,S24_2000,2691.0719999999997
1046,26,61.22,1591.72,5/10/2005 0:00,Shipped,Vintage Cars,68,10416,S32_4289,1528.0511999999999
1047,37,51.93,1921.41,5/10/2005 0:00,Shipped,Vintage Cars,43,10416,S50_1341,1873.37475
1048,36,61.18,2202.48,5/13/2005 0:00,Disputed,Motorcycles,60,10417,S18_2625,2147.418
1049,34,90.17,3065.78,5/17/2005 0:00,Shipped,Classic Cars,79,10419,S12_3990,2943.1488
1050,39,83.93,3273.27,5/17/2005 0:00,Shipped,Classic Cars,77,10419,S18_1889,3142.3392
1051,15,42.67,640.05,5/17/2005 0:00,Shipped,Classic Cars,37,10419,S24_2972,624.0487499999999
1052,55,52.66,2896.3,5/17/2005 0:00,Shipped,Classic Cars,61,10419,S24_3371,2780.448
1053,36,63.57,2288.52,5/29/2005 0:00,In Process,Vintage Cars,60,10420,S18_2248,2231.307
1054,66,92.95,6134.7,5/29/2005 0:00,In Process,Vintage Cars,92,10420,S18_4409,5766.6179999999995
1055,36,57.73,2078.28,5/29/2005 0:00,In Process,Classic Cars,71,10420,S18_4933,1995.1488000000002
1056,60,64.67,3880.2,5/29/2005 0:00,In Process,Classic Cars,73,10420,S24_1046,3724.9919999999997
1057,37,60.37,2233.69,5/29/2005 0:00,In Process,Classic Cars,50,10420,S24_1628,2177.84775
1058,45,26.88,1209.6,5/29/2005 0:00,In Process,Vintage Cars,33,10420,S24_1937,1179.36
1059,55,96.3,5296.5,5/29/2005 0:00,In Process,Classic Cars,117,10420,S24_2887,4766.85
1060,35,96.74,3385.9,5/29/2005 0:00,In Process,Classic Cars,85,10420,S24_3191,3182.746
1061,15,43.49,652.35,5/29/2005 0:00,In Process,Vintage Cars,41,10420,S24_3969,636.04125
1062,40,45.7,1828.0,5/29/2005 0:00,In Process,Vintage Cars,44,10421,S24_2022,1782.3
1063,51,95.55,4873.05,5/30/2005 0:00,In Process,Vintage Cars,102,10422,S18_1342,4385.745
1064,25,51.75,1293.75,5/30/2005 0:00,In Process,Vintage Cars,53,10422,S18_1367,1261.40625
1065,10,88.14,881.4,5/30/2005 0:00,In Process,Vintage Cars,101,10423,S18_2949,793.26
1066,31,53.72,1665.32,5/30/2005 0:00,In Process,Vintage Cars,62,10423,S18_2957,1598.7071999999998
1067,21,84.82,1781.22,5/30/2005 0:00,In Process,Vintage Cars,104,10423,S18_3136,1603.098
1068,21,89.29,1875.09,5/30/2005 0:00,In Process,Vintage Cars,99,10423,S18_3320,1762.5846
1069,28,78.89,2208.92,5/30/2005 0:00,In Process,Vintage Cars,97,10423,S24_4258,2076.3848
1070,26,59.87,1556.62,5/31/2005 0:00,In Process,Vintage Cars,50,10424,S18_4668,1517.7044999999998
1071,44,61.41,2702.04,5/31/2005 0:00,In Process,Trucks and Buses,64,10424,S32_3522,2593.9584
1072,46,80.92,3722.32,5/31/2005 0:00,In Process,Classic Cars,101,10424,S700_2824,3350.088
1073,38,99.41,3777.58,5/31/2005 0:00,In Process,Trucks and Buses,122,10425,S18_2319,3399.822
1074,19,49.22,935.18,5/31/2005 0:00,In Process,Trucks and Buses,60,10425,S18_2432,911.8004999999999
1075,55,46.82,2575.1,5/31/2005 0:00,In Process,Classic Cars,57,10425,S24_1444,2510.7225
1076,31,33.24,1030.44,5/31/2005 0:00,In Process,Classic Cars,35,10425,S24_2840,1004.679
1077,41,86.68,3553.88,5/31/2005 0:00,In Process,Trucks and Buses,96,10425,S32_1268,3340.6472
1078,11,43.83,482.13,5/31/2005 0:00,In Process,Trucks and Buses,54,10425,S32_2509,470.07675
